EVENT_ID;TICKET_ID;SECTOR_ID;SEAT_ID;sector_left;sector_righ;
106;2158142;303;129934;304;302;
106;2162487;303;129935;304;302;
106;2158156;303;129936;304;302;
106;2157401;303;129937;304;302;
106;2158128;303;129938;304;302;
106;2159375;303;129939;304;302;
106;2157806;303;129940;304;302;
106;2157381;303;129941;304;302;
106;2162486;303;129942;304;302;
106;2156747;303;129943;304;302;
106;2157791;303;129944;304;302;
106;2157813;303;129945;304;302;
106;2157812;303;129946;304;302;
106;2157422;303;129947;304;302;
106;2156746;303;129948;304;302;
106;2162500;303;129949;304;302;
106;2157380;303;129950;304;302;
106;2157805;303;129951;304;302;
106;2159374;303;129952;304;302;
106;2158127;303;129953;304;302;
106;2157400;303;129954;304;302;
106;2158155;303;129955;304;302;
106;2159373;303;129956;304;302;
106;2158141;303;129957;304;302;
106;2156778;303;129958;304;302;
106;2162485;303;129959;304;302;
106;2157836;303;129960;304;302;
106;2157421;303;129961;304;302;
106;2158700;303;129962;304;302;
106;2158702;303;129963;304;302;
106;2158701;303;129964;304;302;
106;2157804;303;129965;304;302;
106;2162484;303;129966;304;302;
106;2157835;303;129967;304;302;
106;2162483;303;129968;304;302;
106;2159372;303;129969;304;302;
106;2158683;303;129970;304;302;
106;2157399;303;129971;304;302;
106;2158682;303;129972;304;302;
106;2156745;303;129973;304;302;
106;2157834;303;129974;304;302;
106;2157379;303;129975;304;302;
106;2156777;303;129976;304;302;
106;2156744;303;129977;304;302;
106;2159363;303;129978;304;302;
106;2158699;303;129979;304;302;
106;2158698;303;129980;304;302;
106;2157825;303;129981;304;302;
106;2156743;303;129982;304;302;
106;2156776;303;129983;304;302;
106;2157378;303;129984;304;302;
106;2162499;303;129985;304;302;
106;2159371;303;129986;304;302;
106;2158126;303;129987;304;302;
106;2157398;303;129988;304;302;
106;2158125;303;129989;304;302;
106;2157803;303;129990;304;302;
106;2158140;303;129991;304;302;
106;2162498;303;129992;304;302;
106;2158139;303;129993;304;302;
106;2157420;303;129994;304;302;
106;2157824;303;129995;304;302;
106;2157823;303;129996;304;302;
106;2158697;303;129997;304;302;
106;2158138;303;129998;304;302;
106;2162497;303;129999;304;302;
106;2158137;303;130000;304;302;
106;2156775;303;130001;304;302;
106;2159400;303;130002;304;302;
106;2159370;303;130003;304;302;
106;2158124;303;130004;304;302;
106;2157397;303;130005;304;302;
106;2158681;303;130006;304;302;
106;2156742;303;130007;304;302;
106;2157802;303;130008;304;302;
106;2157391;303;130009;304;302;
106;2157833;303;130010;304;302;
106;2157419;303;130011;304;302;
106;2157418;303;130012;304;302;
106;2159362;303;130013;304;302;
106;2159361;303;130014;304;302;
106;2157801;303;130015;304;302;
106;2156741;303;130016;304;302;
106;2157832;303;130017;304;302;
106;2157390;303;130018;304;302;
106;2158680;303;130019;304;302;
106;2159369;303;130020;304;302;
106;2158679;303;130021;304;302;
106;2157396;303;130022;304;302;
106;2159399;303;130023;304;302;
106;2157831;303;130024;304;302;
106;2159398;303;130025;304;302;
106;2156774;303;130026;304;302;
106;2158136;303;130027;304;302;
106;2159360;303;130028;304;302;
106;2157417;303;130029;304;302;
106;2158696;303;130030;304;302;
106;2157822;303;130031;304;302;
106;2159397;303;130032;304;302;
106;2157800;303;130033;304;302;
106;2158135;303;130034;304;302;
106;2162496;303;130035;304;302;
106;2158678;303;130036;304;302;
106;2159368;303;130037;304;302;
106;2158123;303;130038;304;302;
106;2157395;303;130039;304;302;
106;2156773;303;130040;304;302;
106;2156740;303;130041;304;302;
106;2162495;303;130042;304;302;
106;2157389;303;130043;304;302;
106;2158695;303;130044;304;302;
106;2157821;303;130045;304;302;
106;2157820;303;130046;304;302;
106;2158694;303;130047;304;302;
106;2158693;303;130048;304;302;
106;2162494;303;130049;304;302;
106;2156739;303;130050;304;302;
106;2156772;303;130051;304;302;
106;2157388;303;130052;304;302;
106;2158122;303;130053;304;302;
106;2159367;303;130054;304;302;
106;2158677;303;130055;304;302;
106;2157394;303;130056;304;302;
106;2158134;303;130057;304;302;
106;2157799;303;130058;304;302;
106;2159396;303;130059;304;302;
106;2157830;303;130060;304;302;
106;2158692;303;130061;304;302;
106;2157416;303;130062;304;302;
106;2159359;303;130063;304;302;
106;2159358;303;130064;304;302;
106;2156771;303;130065;304;302;
106;2159395;303;130066;304;302;
106;2157829;303;130067;304;302;
106;2159394;303;130068;304;302;
106;2157393;303;130069;304;302;
106;2158676;303;130070;304;302;
106;2159366;303;130071;304;302;
106;2158675;303;130072;304;302;
106;2157392;303;130073;304;302;
106;2157828;303;130074;304;302;
106;2156738;303;130075;304;302;
106;2157798;303;130076;304;302;
106;2157387;303;130077;304;302;
106;2159357;303;130078;304;302;
106;2157415;303;130079;304;302;
106;2157414;303;130080;304;302;
106;2157819;303;130081;304;302;
106;2157386;303;130082;304;302;
106;2157797;303;130083;304;302;
106;2156737;303;130084;304;302;
106;2172337;304;130085;305;303;
106;2168801;304;130086;305;303;
106;2168137;304;130087;305;303;
106;2172847;304;130088;305;303;
106;2168136;304;130089;305;303;
106;2173773;304;130090;305;303;
106;2173390;304;130091;305;303;
106;2172336;304;130092;305;303;
106;2173389;304;130093;305;303;
106;2173772;304;130094;305;303;
106;2172357;304;130095;305;303;
106;2172356;304;130096;305;303;
106;2173408;304;130097;305;303;
106;2167539;304;130098;305;303;
106;2172335;304;130099;305;303;
106;2173388;304;130100;305;303;
106;2174037;304;130101;305;303;
106;2172859;304;130102;305;303;
106;2168800;304;130103;305;303;
106;2168135;304;130104;305;303;
106;2172846;304;130105;305;303;
106;2168109;304;130106;305;303;
106;2168823;304;130107;305;303;
106;2173771;304;130108;305;303;
106;2173793;304;130109;305;303;
106;2173429;304;130110;305;303;
106;2167538;304;130111;305;303;
106;2167537;304;130112;305;303;
106;2167517;304;130113;305;303;
106;2167516;304;130114;305;303;
106;2173770;304;130115;305;303;
106;2168822;304;130116;305;303;
106;2173428;304;130117;305;303;
106;2173792;304;130118;305;303;
106;2173769;304;130119;305;303;
106;2168799;304;130120;305;303;
106;2168108;304;130121;305;303;
106;2172845;304;130122;305;303;
106;2168134;304;130123;305;303;
106;2173427;304;130124;305;303;
106;2172858;304;130125;305;303;
106;2174036;304;130126;305;303;
106;2173387;304;130127;305;303;
106;2167515;304;130128;305;303;
106;2167536;304;130129;305;303;
106;2173407;304;130130;305;303;
106;2172355;304;130131;305;303;
106;2172857;304;130132;305;303;
106;2173768;304;130133;305;303;
106;2173386;304;130134;305;303;
106;2172334;304;130135;305;303;
106;2168107;304;130136;305;303;
106;2168798;304;130137;305;303;
106;2168133;304;130138;305;303;
106;2172844;304;130139;305;303;
106;2174035;304;130140;305;303;
106;2168821;304;130141;305;303;
106;2172333;304;130142;305;303;
106;2173791;304;130143;305;303;
106;2174034;304;130144;305;303;
106;2172354;304;130145;305;303;
106;2172353;304;130146;305;303;
106;2173406;304;130147;305;303;
106;2173405;304;130148;305;303;
106;2172332;304;130149;305;303;
106;2168820;304;130150;305;303;
106;2174033;304;130151;305;303;
106;2173790;304;130152;305;303;
106;2168132;304;130153;305;303;
106;2168797;304;130154;305;303;
106;2168106;304;130155;305;303;
106;2172843;304;130156;305;303;
106;2173385;304;130157;305;303;
106;2173767;304;130158;305;303;
106;2172856;304;130159;305;303;
106;2173426;304;130160;305;303;
106;2173404;304;130161;305;303;
106;2167535;304;130162;305;303;
106;2167514;304;130163;305;303;
106;2167513;304;130164;305;303;
106;2173403;304;130165;305;303;
106;2172855;304;130166;305;303;
106;2173425;304;130167;305;303;
106;2172854;304;130168;305;303;
106;2174032;304;130169;305;303;
106;2168105;304;130170;305;303;
106;2168796;304;130171;305;303;
106;2168104;304;130172;305;303;
106;2172842;304;130173;305;303;
106;2173424;304;130174;305;303;
106;2168819;304;130175;305;303;
106;2173766;304;130176;305;303;
106;2173789;304;130177;305;303;
106;2167512;304;130178;305;303;
106;2167534;304;130179;305;303;
106;2167533;304;130180;305;303;
106;2172352;304;130181;305;303;
106;2173788;304;130182;305;303;
106;2173765;304;130183;305;303;
106;2168818;304;130184;305;303;
106;2172331;304;130185;305;303;
106;2172841;304;130186;305;303;
106;2168131;304;130187;305;303;
106;2168795;304;130188;305;303;
106;2168130;304;130189;305;303;
106;2172840;304;130190;305;303;
106;2172878;304;130191;305;303;
106;2172330;304;130192;305;303;
106;2172877;304;130193;305;303;
106;2174031;304;130194;305;303;
106;2172351;304;130195;305;303;
106;2172350;304;130196;305;303;
106;2167532;304;130197;305;303;
106;2173402;304;130198;305;303;
106;2172329;304;130199;305;303;
106;2172876;304;130200;305;303;
106;2173764;304;130201;305;303;
106;2172839;304;130202;305;303;
106;2172370;304;130203;305;303;
106;2168129;304;130204;305;303;
106;2168794;304;130205;305;303;
106;2168103;304;130206;305;303;
106;2173787;304;130207;305;303;
106;2174030;304;130208;305;303;
106;2168817;304;130209;305;303;
106;2173418;304;130210;305;303;
106;2173786;304;130211;305;303;
106;2173401;304;130212;305;303;
106;2167511;304;130213;305;303;
106;2167510;304;130214;305;303;
106;2173400;304;130215;305;303;
106;2173785;304;130216;305;303;
106;2173417;304;130217;305;303;
106;2168816;304;130218;305;303;
106;2174029;304;130219;305;303;
106;2172369;304;130220;305;303;
106;2168102;304;130221;305;303;
106;2168793;304;130222;305;303;
106;2168128;304;130223;305;303;
106;2173416;304;130224;305;303;
106;2172838;304;130225;305;303;
106;2173763;304;130226;305;303;
106;2172875;304;130227;305;303;
106;2167509;304;130228;305;303;
106;2173399;304;130229;305;303;
106;2167531;304;130230;305;303;
106;2172349;304;130231;305;303;
106;2172837;304;130232;305;303;
106;2173798;304;130233;305;303;
106;2172874;304;130234;305;303;
106;2172328;304;130235;305;303;
106;2172873;304;130236;305;303;
106;2172368;304;130237;305;303;
106;2168127;304;130238;305;303;
106;2168792;304;130239;305;303;
106;2168126;304;130240;305;303;
106;2173784;304;130241;305;303;
106;2172327;304;130242;305;303;
106;2168809;304;130243;305;303;
106;2173762;304;130244;305;303;
106;2172348;304;130245;305;303;
106;2172347;304;130246;305;303;
106;2167530;304;130247;305;303;
106;2167529;304;130248;305;303;
106;2168830;304;130249;305;303;
106;2173783;304;130250;305;303;
106;2173761;304;130251;305;303;
106;2168808;304;130252;305;303;
106;2168125;304;130253;305;303;
106;2172367;304;130254;305;303;
106;2168101;304;130255;305;303;
106;2168791;304;130256;305;303;
106;2172872;304;130257;305;303;
106;2173797;304;130258;305;303;
106;2172836;304;130259;305;303;
106;2173415;304;130260;305;303;
106;2172835;304;130261;305;303;
106;2173398;304;130262;305;303;
106;2167508;304;130263;305;303;
106;2167507;304;130264;305;303;
106;2167528;304;130265;305;303;
106;2172834;304;130266;305;303;
106;2173414;304;130267;305;303;
106;2172833;304;130268;305;303;
106;2173760;304;130269;305;303;
106;2168100;304;130270;305;303;
106;2172366;304;130271;305;303;
106;2168099;304;130272;305;303;
106;2168790;304;130273;305;303;
106;2173413;304;130274;305;303;
106;2173782;304;130275;305;303;
106;2173796;304;130276;305;303;
106;2168807;304;130277;305;303;
106;2167506;304;130278;305;303;
106;2173397;304;130279;305;303;
106;2173396;304;130280;305;303;
106;2172346;304;130281;305;303;
106;2172345;304;130282;305;303;
106;2173795;304;130283;305;303;
106;2173781;304;130284;305;303;
106;2168829;304;130285;305;303;
106;2168806;304;130286;305;303;
106;2168124;304;130287;305;303;
106;2172365;304;130288;305;303;
106;2168123;304;130289;305;303;
106;2168789;304;130290;305;303;
106;2172871;304;130291;305;303;
106;2168828;304;130292;305;303;
106;2172870;304;130293;305;303;
106;2173759;304;130294;305;303;
106;2172344;304;130295;305;303;
106;2172343;304;130296;305;303;
106;2173395;304;130297;305;303;
106;2167527;304;130298;305;303;
106;2168827;304;130299;305;303;
106;2172869;304;130300;305;303;
106;2173794;304;130301;305;303;
106;2172372;304;130302;305;303;
106;2168788;304;130303;305;303;
106;2168122;304;130304;305;303;
106;2172364;304;130305;305;303;
106;2168098;304;130306;305;303;
106;2168787;304;130307;305;303;
106;2173758;304;130308;305;303;
106;2173780;304;130309;305;303;
106;2173412;304;130310;305;303;
106;2168805;304;130311;305;303;
106;2167526;304;130312;305;303;
106;2167505;304;130313;305;303;
106;2167504;304;130314;305;303;
106;2167525;304;130315;305;303;
106;2168804;304;130316;305;303;
106;2173411;304;130317;305;303;
106;2173779;304;130318;305;303;
106;2173757;304;130319;305;303;
106;2168786;304;130320;305;303;
106;2168097;304;130321;305;303;
106;2172363;304;130322;305;303;
106;2168121;304;130323;305;303;
106;2173410;304;130324;305;303;
106;2172371;304;130325;305;303;
106;2168118;304;130326;305;303;
106;2172868;304;130327;305;303;
106;2167503;304;130328;305;303;
106;2167524;304;130329;305;303;
106;2173394;304;130330;305;303;
106;2172342;304;130331;305;303;
106;2172341;304;130332;305;303;
106;2173756;304;130333;305;303;
106;2172867;304;130334;305;303;
106;2168826;304;130335;305;303;
106;2172866;304;130336;305;303;
106;2168785;304;130337;305;303;
106;2168120;304;130338;305;303;
106;2172362;304;130339;305;303;
106;2168119;304;130340;305;303;
106;2168803;304;130341;305;303;
106;2168825;304;130342;305;303;
106;2173778;304;130343;305;303;
106;2168117;304;130344;305;303;
106;2172340;304;130345;305;303;
106;2172339;304;130346;305;303;
106;2173393;304;130347;305;303;
106;2173392;304;130348;305;303;
106;2168824;304;130349;305;303;
106;2168802;304;130350;305;303;
106;2168116;304;130351;305;303;
106;2173777;304;130352;305;303;
106;2173409;304;130353;305;303;
106;2176044;304;130354;305;303;
106;2174053;304;130355;305;303;
106;2175104;304;130356;305;303;
106;2174052;304;130357;305;303;
106;2176029;304;130358;305;303;
106;2176726;304;130359;305;303;
106;2175119;304;130360;305;303;
106;2176725;304;130361;305;303;
106;2174314;304;130362;305;303;
106;2174067;304;130363;305;303;
106;2174066;304;130364;305;303;
106;2175288;304;130365;305;303;
106;2176724;304;130366;305;303;
106;2175118;304;130367;305;303;
106;2176723;304;130368;305;303;
106;2176710;304;130369;305;303;
106;2174051;304;130370;305;303;
106;2176043;304;130371;305;303;
106;2174050;304;130372;305;303;
106;2175103;304;130373;305;303;
106;2175117;304;130374;305;303;
106;2175275;304;130375;305;303;
106;2176028;304;130376;305;303;
106;2175307;304;130377;305;303;
106;2175087;304;130378;305;303;
106;2174313;304;130379;305;303;
106;2174312;304;130380;305;303;
106;2176742;304;130381;305;303;
106;2176741;304;130382;305;303;
106;2176027;304;130383;305;303;
106;2175274;304;130384;305;303;
106;2174350;304;130385;305;303;
106;2175306;304;130386;305;303;
106;2176013;304;130387;305;303;
106;2176042;304;130388;305;303;
106;2176012;304;130389;305;303;
106;2175102;304;130390;305;303;
106;2174333;304;130391;305;303;
106;2174349;304;130392;305;303;
106;2174332;304;130393;305;303;
106;2176709;304;130394;305;303;
106;2176740;304;130395;305;303;
106;2176739;304;130396;305;303;
106;2174311;304;130397;305;303;
106;2175287;304;130398;305;303;
106;2174065;304;130399;305;303;
106;2174331;304;130400;305;303;
106;2176026;304;130401;305;303;
106;2176722;304;130402;305;303;
106;2175116;304;130403;305;303;
106;2176011;304;130404;305;303;
106;2176041;304;130405;305;303;
106;2174049;304;130406;305;303;
106;2175101;304;130407;305;303;
106;2176708;304;130408;305;303;
106;2175273;304;130409;305;303;
106;2175115;304;130410;305;303;
106;2175305;304;130411;305;303;
106;2175286;304;130412;305;303;
106;2174064;304;130413;305;303;
106;2174063;304;130414;305;303;
106;2175285;304;130415;305;303;
106;2175304;304;130416;305;303;
106;2175114;304;130417;305;303;
106;2175272;304;130418;305;303;
106;2176707;304;130419;305;303;
106;2175100;304;130420;305;303;
106;2174048;304;130421;305;303;
106;2176040;304;130422;305;303;
106;2176010;304;130423;305;303;
106;2175099;304;130424;305;303;
106;2176721;304;130425;305;303;
106;2176025;304;130426;305;303;
106;2174330;304;130427;305;303;
106;2174348;304;130428;305;303;
106;2175284;304;130429;305;303;
106;2174310;304;130430;305;303;
106;2176738;304;130431;305;303;
106;2176737;304;130432;305;303;
106;2176706;304;130433;305;303;
106;2174329;304;130434;305;303;
106;2174347;304;130435;305;303;
106;2174328;304;130436;305;303;
106;2175098;304;130437;305;303;
106;2176009;304;130438;305;303;
106;2176039;304;130439;305;303;
106;2176008;304;130440;305;303;
106;2175303;304;130441;305;303;
106;2174346;304;130442;305;303;
106;2175271;304;130443;305;303;
106;2176024;304;130444;305;303;
106;2176736;304;130445;305;303;
106;2176735;304;130446;305;303;
106;2174309;304;130447;305;303;
106;2174308;304;130448;305;303;
106;2174062;304;130449;305;303;
106;2175302;304;130450;305;303;
106;2176023;304;130451;305;303;
106;2175132;304;130452;305;303;
106;2175113;304;130453;305;303;
106;2175097;304;130454;305;303;
106;2174047;304;130455;305;303;
106;2176038;304;130456;305;303;
106;2174046;304;130457;305;303;
106;2176705;304;130458;305;303;
106;2176720;304;130459;305;303;
106;2175112;304;130460;305;303;
106;2176719;304;130461;305;303;
106;2175283;304;130462;305;303;
106;2174061;304;130463;305;303;
106;2174060;304;130464;305;303;
106;2174307;304;130465;305;303;
106;2176718;304;130466;305;303;
106;2175111;304;130467;305;303;
106;2176717;304;130468;305;303;
106;2176022;304;130469;305;303;
106;2174327;304;130470;305;303;
106;2175096;304;130471;305;303;
106;2174045;304;130472;305;303;
106;2176037;304;130473;305;303;
106;2176007;304;130474;305;303;
106;2175301;304;130475;305;303;
106;2176704;304;130476;305;303;
106;2175131;304;130477;305;303;
106;2174345;304;130478;305;303;
106;2175282;304;130479;305;303;
106;2175281;304;130480;305;303;
106;2176734;304;130481;305;303;
106;2176733;304;130482;305;303;
106;2176703;304;130483;305;303;
106;2175300;304;130484;305;303;
106;2174344;304;130485;305;303;
106;2175130;304;130486;305;303;
106;2175316;304;130487;305;303;
106;2175095;304;130488;305;303;
106;2175315;304;130489;305;303;
106;2176036;304;130490;305;303;
106;2174326;304;130491;305;303;
106;2174343;304;130492;305;303;
106;2174325;304;130493;305;303;
106;2176021;304;130494;305;303;
106;2176716;304;130495;305;303;
106;2176732;304;130496;305;303;
106;2175280;304;130497;305;303;
106;2174306;304;130498;305;303;
106;2174059;304;130499;305;303;
106;2174324;304;130500;305;303;
106;2176702;304;130501;305;303;
106;2176715;304;130502;305;303;
106;2175110;304;130503;305;303;
106;2175314;304;130504;305;303;
106;2175094;304;130505;305;303;
106;2174044;304;130506;305;303;
106;2176035;304;130507;305;303;
106;2176020;304;130508;305;303;
106;2175299;304;130509;305;303;
106;2175109;304;130510;305;303;
106;2175129;304;130511;305;303;
106;2174305;304;130512;305;303;
106;2174058;304;130513;305;303;
106;2174057;304;130514;305;303;
106;2174074;304;130515;305;303;
106;2174073;304;130516;305;303;
106;2175108;304;130517;305;303;
106;2175298;304;130518;305;303;
106;2176019;304;130519;305;303;
106;2175128;304;130520;305;303;
106;2174043;304;130521;305;303;
106;2175093;304;130522;305;303;
106;2175313;304;130523;305;303;
106;2176034;304;130524;305;303;
106;2176714;304;130525;305;303;
106;2176701;304;130526;305;303;
106;2174323;304;130527;305;303;
106;2174342;304;130528;305;303;
106;2174072;304;130529;305;303;
106;2175279;304;130530;305;303;
106;2176731;304;130531;305;303;
106;2176730;304;130532;305;303;
106;2176018;304;130533;305;303;
106;2174322;304;130534;305;303;
106;2174341;304;130535;305;303;
106;2174321;304;130536;305;303;
106;2176033;304;130537;305;303;
106;2175312;304;130538;305;303;
106;2175092;304;130539;305;303;
106;2175311;304;130540;305;303;
106;2176032;304;130541;305;303;
106;2174340;304;130542;305;303;
106;2175297;304;130543;305;303;
106;2176700;304;130544;305;303;
106;2175127;304;130545;305;303;
106;2176729;304;130546;305;303;
106;2175278;304;130547;305;303;
106;2175277;304;130548;305;303;
106;2174056;304;130549;305;303;
106;2175126;304;130550;305;303;
106;2176699;304;130551;305;303;
106;2175296;304;130552;305;303;
106;2175107;304;130553;305;303;
106;2176031;304;130554;305;303;
106;2174042;304;130555;305;303;
106;2175091;304;130556;305;303;
106;2174041;304;130557;305;303;
106;2176017;304;130558;305;303;
106;2176713;304;130559;305;303;
106;2175106;304;130560;305;303;
106;2176712;304;130561;305;303;
106;2174071;304;130562;305;303;
106;2174055;304;130563;305;303;
106;2174054;304;130564;305;303;
106;2175276;304;130565;305;303;
106;2174070;304;130566;305;303;
106;2175105;304;130567;305;303;
106;2176711;304;130568;305;303;
106;2176698;304;130569;305;303;
106;2174320;304;130570;305;303;
106;2176030;304;130571;305;303;
106;2174040;304;130572;305;303;
106;2175090;304;130573;305;303;
106;2175310;304;130574;305;303;
106;2175125;304;130575;305;303;
106;2176016;304;130576;305;303;
106;2175295;304;130577;305;303;
106;2174339;304;130578;305;303;
106;2174069;304;130579;305;303;
106;2174068;304;130580;305;303;
106;2176728;304;130581;305;303;
106;2176727;304;130582;305;303;
106;2176015;304;130583;305;303;
106;2175124;304;130584;305;303;
106;2174338;304;130585;305;303;
106;2175294;304;130586;305;303;
106;2176014;304;130587;305;303;
106;2168815;304;130588;305;303;
106;2176047;304;130589;305;303;
106;2174337;304;130590;305;303;
106;2168115;304;130591;305;303;
106;2174336;304;130592;305;303;
106;2174319;304;130593;305;303;
106;2176697;304;130594;305;303;
106;2172865;304;130595;305;303;
106;2172361;304;130596;305;303;
106;2168096;304;130597;305;303;
106;2173423;304;130598;305;303;
106;2167523;304;130599;305;303;
106;2174318;304;130600;305;303;
106;2175309;304;130601;305;303;
106;2172864;304;130602;305;303;
106;2175089;304;130603;305;303;
106;2176046;304;130604;305;303;
106;2168814;304;130605;305;303;
106;2168114;304;130606;305;303;
106;2172853;304;130607;305;303;
106;2176052;304;130608;305;303;
106;2175123;304;130609;305;303;
106;2175088;304;130610;305;303;
106;2175293;304;130611;305;303;
106;2176051;304;130612;305;303;
106;2167522;304;130613;305;303;
106;2167521;304;130614;305;303;
106;2173422;304;130615;305;303;
106;2173421;304;130616;305;303;
106;2173755;304;130617;305;303;
106;2175122;304;130618;305;303;
106;2176050;304;130619;305;303;
106;2175292;304;130620;305;303;
106;2168113;304;130621;305;303;
106;2168813;304;130622;305;303;
106;2176045;304;130623;305;303;
106;2172852;304;130624;305;303;
106;2172863;304;130625;305;303;
106;2175308;304;130626;305;303;
106;2174317;304;130627;305;303;
106;2174335;304;130628;305;303;
106;2173420;304;130629;305;303;
106;2168095;304;130630;305;303;
106;2172360;304;130631;305;303;
106;2172359;304;130632;305;303;
106;2176049;304;130633;305;303;
106;2174316;304;130634;305;303;
106;2174334;304;130635;305;303;
106;2174315;304;130636;305;303;
106;2176048;304;130637;305;303;
106;2168140;304;130638;305;303;
106;2168812;304;130639;305;303;
106;2168139;304;130640;305;303;
106;2172851;304;130641;305;303;
106;2172338;304;130642;305;303;
106;2175121;304;130643;305;303;
106;2173776;304;130644;305;303;
106;2175291;304;130645;305;303;
106;2172358;304;130646;305;303;
106;2167542;304;130647;305;303;
106;2167541;304;130648;305;303;
106;2167520;304;130649;305;303;
106;2175290;304;130650;305;303;
106;2173775;304;130651;305;303;
106;2175120;304;130652;305;303;
106;2173754;304;130653;305;303;
106;2172850;304;130654;305;303;
106;2168112;304;130655;305;303;
106;2168811;304;130656;305;303;
106;2168111;304;130657;305;303;
106;2172849;304;130658;305;303;
106;2172862;304;130659;305;303;
106;2173753;304;130660;305;303;
106;2172861;304;130661;305;303;
106;2174039;304;130662;305;303;
106;2167519;304;130663;305;303;
106;2167518;304;130664;305;303;
106;2167540;304;130665;305;303;
106;2173419;304;130666;305;303;
106;2173430;304;130667;305;303;
106;2172860;304;130668;305;303;
106;2173774;304;130669;305;303;
106;2173391;304;130670;305;303;
106;2172848;304;130671;305;303;
106;2168110;304;130672;305;303;
106;2168810;304;130673;305;303;
106;2168138;304;130674;305;303;
106;2175289;304;130675;305;303;
106;2174038;304;130676;305;303;
106;2147973;305;130677;306;304;
106;2149220;305;130678;306;304;
106;2148458;305;130679;306;304;
106;2148457;305;130680;306;304;
106;2147998;305;130681;306;304;
106;2147997;305;130682;306;304;
106;2148456;305;130683;306;304;
106;2148758;305;130684;306;304;
106;2149219;305;130685;306;304;
106;2147972;305;130686;306;304;
106;2148424;305;130687;306;304;
106;2149244;305;130688;306;304;
106;2147249;305;130689;306;304;
106;2150172;305;130690;306;304;
106;2152760;305;130691;306;304;
106;2149218;305;130692;306;304;
106;2147600;305;130693;306;304;
106;2147621;305;130694;306;304;
106;2149733;305;130695;306;304;
106;2147996;305;130696;306;304;
106;2148455;305;130697;306;304;
106;2152734;305;130698;306;304;
106;2147226;305;130699;306;304;
106;2147599;305;130700;306;304;
106;2148423;305;130701;306;304;
106;2149732;305;130702;306;304;
106;2148783;305;130703;306;304;
106;2149731;305;130704;306;304;
106;2149243;305;130705;306;304;
106;2152759;305;130706;306;304;
106;2150171;305;130707;306;304;
106;2152758;305;130708;306;304;
106;2148757;305;130709;306;304;
106;2148782;305;130710;306;304;
106;2147971;305;130711;306;304;
106;2147620;305;130712;306;304;
106;2147225;305;130713;306;304;
106;2147224;305;130714;306;304;
106;2152733;305;130715;306;304;
106;2152732;305;130716;306;304;
106;2148781;305;130717;306;304;
106;2148756;305;130718;306;304;
106;2147619;305;130719;306;304;
106;2147970;305;130720;306;304;
106;2152757;305;130721;306;304;
106;2149242;305;130722;306;304;
106;2147248;305;130723;306;304;
106;2150170;305;130724;306;304;
106;2149730;305;130725;306;304;
106;2148422;305;130726;306;304;
106;2147598;305;130727;306;304;
106;2149217;305;130728;306;304;
106;2147597;305;130729;306;304;
106;2148454;305;130730;306;304;
106;2147995;305;130731;306;304;
106;2147994;305;130732;306;304;
106;2152731;305;130733;306;304;
106;2147596;305;130734;306;304;
106;2149216;305;130735;306;304;
106;2147595;305;130736;306;304;
106;2147618;305;130737;306;304;
106;2147247;305;130738;306;304;
106;2149241;305;130739;306;304;
106;2147246;305;130740;306;304;
106;2150169;305;130741;306;304;
106;2149215;305;130742;306;304;
106;2148755;305;130743;306;304;
106;2148421;305;130744;306;304;
106;2147969;305;130745;306;304;
106;2147993;305;130746;306;304;
106;2148453;305;130747;306;304;
106;2148452;305;130748;306;304;
106;2147223;305;130749;306;304;
106;2147968;305;130750;306;304;
106;2148420;305;130751;306;304;
106;2148754;305;130752;306;304;
106;2148780;305;130753;306;304;
106;2147967;305;130754;306;304;
106;2152756;305;130755;306;304;
106;2149240;305;130756;306;304;
106;2152755;305;130757;306;304;
106;2150168;305;130758;306;304;
106;2149729;305;130759;306;304;
106;2148779;305;130760;306;304;
106;2149728;305;130761;306;304;
106;2147617;305;130762;306;304;
106;2147222;305;130763;306;304;
106;2147221;305;130764;306;304;
106;2148451;305;130765;306;304;
106;2152372;305;130766;306;304;
106;2148778;305;130767;306;304;
106;2149727;305;130768;306;304;
106;2148419;305;130769;306;304;
106;2147594;305;130770;306;304;
106;2150167;305;130771;306;304;
106;2152754;305;130772;306;304;
106;2149239;305;130773;306;304;
106;2147245;305;130774;306;304;
106;2150166;305;130775;306;304;
106;2147616;305;130776;306;304;
106;2148753;305;130777;306;304;
106;2149214;305;130778;306;304;
106;2147966;305;130779;306;304;
106;2152371;305;130780;306;304;
106;2147992;305;130781;306;304;
106;2147991;305;130782;306;304;
106;2152370;305;130783;306;304;
106;2147965;305;130784;306;304;
106;2149213;305;130785;306;304;
106;2148752;305;130786;306;304;
106;2147615;305;130787;306;304;
106;2150165;305;130788;306;304;
106;2147244;305;130789;306;304;
106;2149238;305;130790;306;304;
106;2152753;305;130791;306;304;
106;2149212;305;130792;306;304;
106;2147593;305;130793;306;304;
106;2148418;305;130794;306;304;
106;2149726;305;130795;306;304;
106;2147990;305;130796;306;304;
106;2152369;305;130797;306;304;
106;2148450;305;130798;306;304;
106;2146944;305;130799;306;304;
106;2146943;305;130800;306;304;
106;2147614;305;130801;306;304;
106;2149725;305;130802;306;304;
106;2148777;305;130803;306;304;
106;2149724;305;130804;306;304;
106;2149750;305;130805;306;304;
106;2152752;305;130806;306;304;
106;2149237;305;130807;306;304;
106;2152751;305;130808;306;304;
106;2147964;305;130809;306;304;
106;2148776;305;130810;306;304;
106;2148751;305;130811;306;304;
106;2148417;305;130812;306;304;
106;2146942;305;130813;306;304;
106;2146941;305;130814;306;304;
106;2148449;305;130815;306;304;
106;2148448;305;130816;306;304;
106;2148775;305;130817;306;304;
106;2147963;305;130818;306;304;
106;2148002;305;130819;306;304;
106;2148750;305;130820;306;304;
106;2149211;305;130821;306;304;
106;2149749;305;130822;306;304;
106;2147243;305;130823;306;304;
106;2149236;305;130824;306;304;
106;2147242;305;130825;306;304;
106;2147613;305;130826;306;304;
106;2147592;305;130827;306;304;
106;2149210;305;130828;306;304;
106;2147591;305;130829;306;304;
106;2152368;305;130830;306;304;
106;2147989;305;130831;306;304;
106;2147988;305;130832;306;304;
106;2148447;305;130833;306;304;
106;2147590;305;130834;306;304;
106;2149209;305;130835;306;304;
106;2147589;305;130836;306;304;
106;2148433;305;130837;306;304;
106;2147241;305;130838;306;304;
106;2149743;305;130839;306;304;
106;2147240;305;130840;306;304;
106;2149235;305;130841;306;304;
106;2149208;305;130842;306;304;
106;2147962;305;130843;306;304;
106;2147612;305;130844;306;304;
106;2148749;305;130845;306;304;
106;2148774;305;130846;306;304;
106;2152367;305;130847;306;304;
106;2152366;305;130848;306;304;
106;2146940;305;130849;306;304;
106;2146939;305;130850;306;304;
106;2147611;305;130851;306;304;
106;2147961;305;130852;306;304;
106;2148773;305;130853;306;304;
106;2148748;305;130854;306;304;
106;2152750;305;130855;306;304;
106;2149742;305;130856;306;304;
106;2152749;305;130857;306;304;
106;2149234;305;130858;306;304;
106;2149723;305;130859;306;304;
106;2148772;305;130860;306;304;
106;2149722;305;130861;306;304;
106;2148432;305;130862;306;304;
106;2146938;305;130863;306;304;
106;2146937;305;130864;306;304;
106;2152365;305;130865;306;304;
106;2148446;305;130866;306;304;
106;2148771;305;130867;306;304;
106;2149721;305;130868;306;304;
106;2147610;305;130869;306;304;
106;2147266;305;130870;306;304;
106;2149207;305;130871;306;304;
106;2152748;305;130872;306;304;
106;2149741;305;130873;306;304;
106;2147239;305;130874;306;304;
106;2149233;305;130875;306;304;
106;2148431;305;130876;306;304;
106;2147960;305;130877;306;304;
106;2149206;305;130878;306;304;
106;2148747;305;130879;306;304;
106;2148445;305;130880;306;304;
106;2147987;305;130881;306;304;
106;2147986;305;130882;306;304;
106;2148444;305;130883;306;304;
106;2148746;305;130884;306;304;
106;2149205;305;130885;306;304;
106;2147959;305;130886;306;304;
106;2148430;305;130887;306;304;
106;2149232;305;130888;306;304;
106;2147238;305;130889;306;304;
106;2149740;305;130890;306;304;
106;2152747;305;130891;306;304;
106;2149231;305;130892;306;304;
106;2147265;305;130893;306;304;
106;2147609;305;130894;306;304;
106;2149720;305;130895;306;304;
106;2148770;305;130896;306;304;
106;2148443;305;130897;306;304;
106;2152364;305;130898;306;304;
106;2146936;305;130899;306;304;
106;2146935;305;130900;306;304;
106;2148429;305;130901;306;304;
106;2149719;305;130902;306;304;
106;2148769;305;130903;306;304;
106;2149718;305;130904;306;304;
106;2149230;305;130905;306;304;
106;2152746;305;130906;306;304;
106;2149739;305;130907;306;304;
106;2152745;305;130908;306;304;
106;2148745;305;130909;306;304;
106;2148768;305;130910;306;304;
106;2147958;305;130911;306;304;
106;2147608;305;130912;306;304;
106;2146934;305;130913;306;304;
106;2146933;305;130914;306;304;
106;2152363;305;130915;306;304;
106;2152362;305;130916;306;304;
106;2147985;305;130917;306;304;
106;2148744;305;130918;306;304;
106;2147607;305;130919;306;304;
106;2147957;305;130920;306;304;
106;2149204;305;130921;306;304;
106;2149229;305;130922;306;304;
106;2147237;305;130923;306;304;
106;2149738;305;130924;306;304;
106;2147236;305;130925;306;304;
106;2148428;305;130926;306;304;
106;2147264;305;130927;306;304;
106;2149203;305;130928;306;304;
106;2147263;305;130929;306;304;
106;2148442;305;130930;306;304;
106;2147984;305;130931;306;304;
106;2147983;305;130932;306;304;
106;2152361;305;130933;306;304;
106;2147262;305;130934;306;304;
106;2149202;305;130935;306;304;
106;2147261;305;130936;306;304;
106;2147606;305;130937;306;304;
106;2147235;305;130938;306;304;
106;2149228;305;130939;306;304;
106;2147234;305;130940;306;304;
106;2149737;305;130941;306;304;
106;2152744;305;130942;306;304;
106;2148743;305;130943;306;304;
106;2148427;305;130944;306;304;
106;2147634;305;130945;306;304;
106;2148767;305;130946;306;304;
106;2148441;305;130947;306;304;
106;2148440;305;130948;306;304;
106;2146932;305;130949;306;304;
106;2146931;305;130950;306;304;
106;2148426;305;130951;306;304;
106;2148742;305;130952;306;304;
106;2148766;305;130953;306;304;
106;2147633;305;130954;306;304;
106;2152743;305;130955;306;304;
106;2149227;305;130956;306;304;
106;2152742;305;130957;306;304;
106;2149736;305;130958;306;304;
106;2149717;305;130959;306;304;
106;2148765;305;130960;306;304;
106;2149716;305;130961;306;304;
106;2147605;305;130962;306;304;
106;2147260;305;130963;306;304;
106;2146930;305;130964;306;304;
106;2148439;305;130965;306;304;
106;2152360;305;130966;306;304;
106;2147982;305;130967;306;304;
106;2149715;305;130968;306;304;
106;2148425;305;130969;306;304;
106;2147259;305;130970;306;304;
106;2149201;305;130971;306;304;
106;2152741;305;130972;306;304;
106;2149226;305;130973;306;304;
106;2147233;305;130974;306;304;
106;2149735;305;130975;306;304;
106;2147604;305;130976;306;304;
106;2148741;305;130977;306;304;
106;2149200;305;130978;306;304;
106;2147632;305;130979;306;304;
106;2152359;305;130980;306;304;
106;2147981;305;130981;306;304;
106;2147980;305;130982;306;304;
106;2152358;305;130983;306;304;
106;2147631;305;130984;306;304;
106;2149199;305;130985;306;304;
106;2148740;305;130986;306;304;
106;2147603;305;130987;306;304;
106;2147629;305;130988;306;304;
106;2147232;305;130989;306;304;
106;2149225;305;130990;306;304;
106;2152740;305;130991;306;304;
106;2149734;305;130992;306;304;
106;2147258;305;130993;306;304;
106;2148001;305;130994;306;304;
106;2149714;305;130995;306;304;
106;2148784;305;130996;306;304;
106;2152355;305;130997;306;304;
106;2148437;305;130998;306;304;
106;2147227;305;130999;306;304;
106;2147231;305;131000;306;304;
106;2147627;305;131001;306;304;
106;2149713;305;131002;306;304;
106;2148764;305;131003;306;304;
106;2149712;305;131004;306;304;
106;2149745;305;131005;306;304;
106;2152739;305;131006;306;304;
106;2149705;305;131007;306;304;
106;2152738;305;131008;306;304;
106;2149744;305;131009;306;304;
106;2148763;305;131010;306;304;
106;2148759;305;131011;306;304;
106;2148000;305;131012;306;304;
106;2147628;305;131013;306;304;
106;2147230;305;131014;306;304;
106;2148436;305;131015;306;304;
106;2148435;305;131016;306;304;
106;2147978;305;131017;306;304;
106;2147630;305;131018;306;304;
106;2147999;305;131019;306;304;
106;2148459;305;131020;306;304;
106;2149222;305;131021;306;304;
106;2149747;305;131022;306;304;
106;2147251;305;131023;306;304;
106;2149708;305;131024;306;304;
106;2147250;305;131025;306;304;
106;2147625;305;131026;306;304;
106;2147602;305;131027;306;304;
106;2149221;305;131028;306;304;
106;2147601;305;131029;306;304;
106;2152357;305;131030;306;304;
106;2147977;305;131031;306;304;
106;2147976;305;131032;306;304;
106;2148434;305;131033;306;304;
106;2152356;305;131034;306;304;
106;2149224;305;131035;306;304;
106;2147257;305;131036;306;304;
106;2151450;305;131037;306;304;
106;2149711;305;131038;306;304;
106;2149746;305;131039;306;304;
106;2147254;305;131040;306;304;
106;2149707;305;131041;306;304;
106;2152737;305;131042;306;304;
106;2152327;305;131043;306;304;
106;2147624;305;131044;306;304;
106;2148461;305;131045;306;304;
106;2148762;305;131046;306;304;
106;2152354;305;131047;306;304;
106;2152353;305;131048;306;304;
106;2147229;305;131049;306;304;
106;2147228;305;131050;306;304;
106;2147623;305;131051;306;304;
106;2152329;305;131052;306;304;
106;2148761;305;131053;306;304;
106;2148460;305;131054;306;304;
106;2152736;305;131055;306;304;
106;2149748;305;131056;306;304;
106;2152735;305;131057;306;304;
106;2149706;305;131058;306;304;
106;2147253;305;131059;306;304;
106;2148760;305;131060;306;304;
106;2149710;305;131061;306;304;
106;2151452;305;131062;306;304;
106;2147256;305;131063;306;304;
106;2150913;305;131064;306;304;
106;2152352;305;131065;306;304;
106;2148438;305;131066;306;304;
106;2147979;305;131067;306;304;
106;2149709;305;131068;306;304;
106;2147622;305;131069;306;304;
106;2147255;305;131070;306;304;
106;2149223;305;131071;306;304;
106;2150943;305;131072;306;304;
106;2151451;305;131073;306;304;
106;2147252;305;131074;306;304;
106;2150202;305;131075;306;304;
106;2151825;305;131076;306;304;
106;2151856;305;131077;306;304;
106;2150182;305;131078;306;304;
106;2148462;305;131079;306;304;
106;2151824;305;131080;306;304;
106;2147975;305;131081;306;304;
106;2147974;305;131082;306;304;
106;2151842;305;131083;306;304;
106;2151841;305;131084;306;304;
106;2150173;305;131085;306;304;
106;2151855;305;131086;306;304;
106;2151823;305;131087;306;304;
106;2148739;305;131088;306;304;
106;2151409;305;131089;306;304;
106;2151866;305;131090;306;304;
106;2150944;305;131091;306;304;
106;2150203;305;131092;306;304;
106;2150183;305;131093;306;304;
106;2147626;305;131094;306;304;
106;2150196;305;131095;306;304;
106;2151433;305;131096;306;304;
106;2151840;305;131097;306;304;
106;2150921;305;131098;306;304;
106;2150902;305;131099;306;304;
106;2150901;305;131100;306;304;
106;2151822;305;131101;306;304;
106;2150195;305;131102;306;304;
106;2151432;305;131103;306;304;
106;2150194;305;131104;306;304;
106;2151821;305;131105;306;304;
106;2150946;305;131106;306;304;
106;2151862;305;131107;306;304;
106;2150945;305;131108;306;304;
106;2150204;305;131109;306;304;
106;2151425;305;131110;306;304;
106;2152331;305;131111;306;304;
106;2152338;305;131112;306;304;
106;2152328;305;131113;306;304;
106;2150903;305;131114;306;304;
106;2150927;305;131115;306;304;
106;2150926;305;131116;306;304;
106;2151442;305;131117;306;304;
106;2152351;305;131118;306;304;
106;2152337;305;131119;306;304;
106;2152330;305;131120;306;304;
106;2150187;305;131121;306;304;
106;2150206;305;131122;306;304;
106;2151411;305;131123;306;304;
106;2151863;305;131124;306;304;
106;2151410;305;131125;306;304;
106;2150205;305;131126;306;304;
106;2151420;305;131127;306;304;
106;2150186;305;131128;306;304;
106;2151419;305;131129;306;304;
106;2151826;305;131130;306;304;
106;2151444;305;131131;306;304;
106;2151443;305;131132;306;304;
106;2150925;305;131133;306;304;
106;2151830;305;131134;306;304;
106;2150174;305;131135;306;304;
106;2150933;305;131136;306;304;
106;2152339;305;131137;306;304;
106;2150193;305;131138;306;304;
106;2150207;305;131139;306;304;
106;2151412;305;131140;306;304;
106;2151864;305;131141;306;304;
106;2151407;305;131142;306;304;
106;2152349;305;131143;306;304;
106;2151827;305;131144;306;304;
106;2151852;305;131145;306;304;
106;2151424;305;131146;306;304;
106;2151834;305;131147;306;304;
106;2151833;305;131148;306;304;
106;2150905;305;131149;306;304;
106;2150904;305;131150;306;304;
106;2151832;305;131151;306;304;
106;2152348;305;131152;306;304;
106;2151423;305;131153;306;304;
106;2151851;305;131154;306;304;
106;2151828;305;131155;306;304;
106;2150208;305;131156;306;304;
106;2150930;305;131157;306;304;
106;2151865;305;131158;306;304;
106;2151421;305;131159;306;304;
106;2151426;305;131160;306;304;
106;2150197;305;131161;306;304;
106;2152340;305;131162;306;304;
106;2150934;305;131163;306;304;
106;2150906;305;131164;306;304;
106;2151831;305;131165;306;304;
106;2150917;305;131166;306;304;
106;2151445;305;131167;306;304;
106;2150188;305;131168;306;304;
106;2151829;305;131169;306;304;
106;2150935;305;131170;306;304;
106;2150175;305;131171;306;304;
106;2150929;305;131172;306;304;
106;2150209;305;131173;306;304;
106;2151415;305;131174;306;304;
106;2151844;305;131175;306;304;
106;2151414;305;131176;306;304;
106;2152347;305;131177;306;304;
106;2150181;305;131178;306;304;
106;2151854;305;131179;306;304;
106;2152342;305;131180;306;304;
106;2151438;305;131181;306;304;
106;2151437;305;131182;306;304;
106;2150916;305;131183;306;304;
106;2150915;305;131184;306;304;
106;2150180;305;131185;306;304;
106;2152346;305;131186;306;304;
106;2152341;305;131187;306;304;
106;2151853;305;131188;306;304;
106;2151413;305;131189;306;304;
106;2150210;305;131190;306;304;
106;2150928;305;131191;306;304;
106;2151843;305;131192;306;304;
106;2150936;305;131193;306;304;
106;2151446;305;131194;306;304;
106;2150190;305;131195;306;304;
106;2151427;305;131196;306;304;
106;2150189;305;131197;306;304;
106;2151835;305;131198;306;304;
106;2150908;305;131199;306;304;
106;2150907;305;131200;306;304;
106;2150914;305;131201;306;304;
106;2150185;305;131202;306;304;
106;2151428;305;131203;306;304;
106;2150184;305;131204;306;304;
106;2152332;305;131205;306;304;
106;2150932;305;131206;306;304;
106;2150198;305;131207;306;304;
106;2150931;305;131208;306;304;
106;2151845;305;131209;306;304;
106;2151408;305;131210;306;304;
106;2152350;305;131211;306;304;
106;2151449;305;131212;306;304;
106;2151857;305;131213;306;304;
106;2150909;305;131214;306;304;
106;2151839;305;131215;306;304;
106;2151838;305;131216;306;304;
106;2151436;305;131217;306;304;
106;2151859;305;131218;306;304;
106;2151448;305;131219;306;304;
106;2152343;305;131220;306;304;
106;2150178;305;131221;306;304;
106;2151858;305;131222;306;304;
106;2151418;305;131223;306;304;
106;2150200;305;131224;306;304;
106;2151417;305;131225;306;304;
106;2151848;305;131226;306;304;
106;2150939;305;131227;306;304;
106;2150177;305;131228;306;304;
106;2150938;305;131229;306;304;
106;2152334;305;131230;306;304;
106;2151435;305;131231;306;304;
106;2151434;305;131232;306;304;
106;2151837;305;131233;306;304;
106;2150920;305;131234;306;304;
106;2150176;305;131235;306;304;
106;2150937;305;131236;306;304;
106;2151447;305;131237;306;304;
106;2150192;305;131238;306;304;
106;2151847;305;131239;306;304;
106;2151416;305;131240;306;304;
106;2150199;305;131241;306;304;
106;2150924;305;131242;306;304;
106;2151846;305;131243;306;304;
106;2152333;305;131244;306;304;
106;2152345;305;131245;306;304;
106;2151431;305;131246;306;304;
106;2151861;305;131247;306;304;
106;2150919;305;131248;306;304;
106;2150912;305;131249;306;304;
106;2150911;305;131250;306;304;
106;2150918;305;131251;306;304;
106;2151860;305;131252;306;304;
106;2151430;305;131253;306;304;
106;2152344;305;131254;306;304;
106;2152335;305;131255;306;304;
106;2151849;305;131256;306;304;
106;2150923;305;131257;306;304;
106;2150201;305;131258;306;304;
106;2151422;305;131259;306;304;
106;2151429;305;131260;306;304;
106;2150191;305;131261;306;304;
106;2151441;305;131262;306;304;
106;2150940;305;131263;306;304;
106;2150910;305;131264;306;304;
106;2150922;305;131265;306;304;
106;2151836;305;131266;306;304;
106;2151440;305;131267;306;304;
106;2151439;305;131268;306;304;
106;2152336;305;131269;306;304;
106;2150942;305;131270;306;304;
106;2150179;305;131271;306;304;
106;2150941;305;131272;306;304;
106;2151850;305;131273;306;304;
106;2173809;306;131274;307;305;
106;2171862;306;131275;307;305;
106;2173808;306;131276;307;305;
106;2173258;306;131277;307;305;
106;2174402;306;131278;307;305;
106;2172579;306;131279;307;305;
106;2172223;306;131280;307;305;
106;2172194;306;131281;307;305;
106;2172193;306;131282;307;305;
106;2171843;306;131283;307;305;
106;2171842;306;131284;307;305;
106;2174401;306;131285;307;305;
106;2173257;306;131286;307;305;
106;2172222;306;131287;307;305;
106;2172578;306;131288;307;305;
106;2173807;306;131289;307;305;
106;2172927;306;131290;307;305;
106;2173816;306;131291;307;305;
106;2171861;306;131292;307;305;
106;2173815;306;131293;307;305;
106;2172586;306;131294;307;305;
106;2171836;306;131295;307;305;
106;2172960;306;131296;307;305;
106;2171835;306;131297;307;305;
106;2174264;306;131298;307;305;
106;2174283;306;131299;307;305;
106;2174282;306;131300;307;305;
106;2171841;306;131301;307;305;
106;2171834;306;131302;307;305;
106;2172959;306;131303;307;305;
106;2171833;306;131304;307;305;
106;2172221;306;131305;307;305;
106;2173814;306;131306;307;305;
106;2172926;306;131307;307;305;
106;2173813;306;131308;307;305;
106;2171860;306;131309;307;305;
106;2172958;306;131310;307;305;
106;2173256;306;131311;307;305;
106;2172585;306;131312;307;305;
106;2172577;306;131313;307;305;
106;2174400;306;131314;307;305;
106;2174263;306;131315;307;305;
106;2174262;306;131316;307;305;
106;2172192;306;131317;307;305;
106;2172191;306;131318;307;305;
106;2172584;306;131319;307;305;
106;2173255;306;131320;307;305;
106;2174399;306;131321;307;305;
106;2172576;306;131322;307;305;
106;2173806;306;131323;307;305;
106;2172925;306;131324;307;305;
106;2173805;306;131325;307;305;
106;2171859;306;131326;307;305;
106;2173277;306;131327;307;305;
106;2174398;306;131328;307;305;
106;2173276;306;131329;307;305;
106;2172220;306;131330;307;305;
106;2172190;306;131331;307;305;
106;2172189;306;131332;307;305;
106;2174261;306;131333;307;305;
106;2171840;306;131334;307;305;
106;2174397;306;131335;307;305;
106;2173275;306;131336;307;305;
106;2172583;306;131337;307;305;
106;2171832;306;131338;307;305;
106;2172957;306;131339;307;305;
106;2173804;306;131340;307;305;
106;2172602;306;131341;307;305;
106;2173812;306;131342;307;305;
106;2171858;306;131343;307;305;
106;2172219;306;131344;307;305;
106;2173254;306;131345;307;305;
106;2172956;306;131346;307;305;
106;2172575;306;131347;307;305;
106;2171839;306;131348;307;305;
106;2174281;306;131349;307;305;
106;2174280;306;131350;307;305;
106;2171838;306;131351;307;305;
106;2172574;306;131352;307;305;
106;2172955;306;131353;307;305;
106;2173253;306;131354;307;305;
106;2172218;306;131355;307;305;
106;2171857;306;131356;307;305;
106;2173811;306;131357;307;305;
106;2172601;306;131358;307;305;
106;2173803;306;131359;307;305;
106;2172954;306;131360;307;305;
106;2171831;306;131361;307;305;
106;2172582;306;131362;307;305;
106;2173274;306;131363;307;305;
106;2174304;306;131364;307;305;
106;2171837;306;131365;307;305;
106;2174260;306;131366;307;305;
106;2171866;306;131367;307;305;
106;2171865;306;131368;307;305;
106;2172559;306;131369;307;305;
106;2173273;306;131370;307;305;
106;2174303;306;131371;307;305;
106;2173272;306;131372;307;305;
106;2171856;306;131373;307;305;
106;2173802;306;131374;307;305;
106;2172600;306;131375;307;305;
106;2173801;306;131376;307;305;
106;2172573;306;131377;307;305;
106;2174302;306;131378;307;305;
106;2173252;306;131379;307;305;
106;2172581;306;131380;307;305;
106;2171864;306;131381;307;305;
106;2171863;306;131382;307;305;
106;2174259;306;131383;307;305;
106;2173844;306;131384;307;305;
106;2174279;306;131385;307;305;
106;2172572;306;131386;307;305;
106;2172580;306;131387;307;305;
106;2173251;306;131388;307;305;
106;2172953;306;131389;307;305;
106;2171855;306;131390;307;305;
106;2173810;306;131391;307;305;
106;2172599;306;131392;307;305;
106;2173829;306;131393;307;305;
106;2172558;306;131394;307;305;
106;2171830;306;131395;307;305;
106;2172952;306;131396;307;305;
106;2171829;306;131397;307;305;
106;2171854;306;131398;307;305;
106;2174278;306;131399;307;305;
106;2174277;306;131400;307;305;
106;2173843;306;131401;307;305;
106;2171828;306;131402;307;305;
106;2172951;306;131403;307;305;
106;2171827;306;131404;307;305;
106;2172598;306;131405;307;305;
106;2173828;306;131406;307;305;
106;2172217;306;131407;307;305;
106;2173827;306;131408;307;305;
106;2172939;306;131409;307;305;
106;2173800;306;131410;307;305;
106;2172571;306;131411;307;305;
106;2172557;306;131412;307;305;
106;2173250;306;131413;307;305;
106;2174301;306;131414;307;305;
106;2171853;306;131415;307;305;
106;2171852;306;131416;307;305;
106;2172206;306;131417;307;305;
106;2172205;306;131418;307;305;
106;2172234;306;131419;307;305;
106;2172570;306;131420;307;305;
106;2174300;306;131421;307;305;
106;2173249;306;131422;307;305;
106;2173799;306;131423;307;305;
106;2172216;306;131424;307;305;
106;2173292;306;131425;307;305;
106;2172938;306;131426;307;305;
106;2173271;306;131427;307;305;
106;2174299;306;131428;307;305;
106;2173270;306;131429;307;305;
106;2172597;306;131430;307;305;
106;2171826;306;131431;307;305;
106;2172204;306;131432;307;305;
106;2171851;306;131433;307;305;
106;2173842;306;131434;307;305;
106;2174276;306;131435;307;305;
106;2173269;306;131436;307;305;
106;2172233;306;131437;307;305;
106;2171825;306;131438;307;305;
106;2172950;306;131439;307;305;
106;2173291;306;131440;307;305;
106;2172215;306;131441;307;305;
106;2173826;306;131442;307;305;
106;2172937;306;131443;307;305;
106;2172596;306;131444;307;305;
106;2172569;306;131445;307;305;
106;2172949;306;131446;307;305;
106;2173248;306;131447;307;305;
106;2173841;306;131448;307;305;
106;2174275;306;131449;307;305;
106;2174274;306;131450;307;305;
106;2173840;306;131451;307;305;
106;2173247;306;131452;307;305;
106;2172948;306;131453;307;305;
106;2172568;306;131454;307;305;
106;2172595;306;131455;307;305;
106;2172970;306;131456;307;305;
106;2173825;306;131457;307;305;
106;2172214;306;131458;307;305;
106;2173290;306;131459;307;305;
106;2172936;306;131460;307;305;
106;2171824;306;131461;307;305;
106;2172232;306;131462;307;305;
106;2173268;306;131463;307;305;
106;2174298;306;131464;307;305;
106;2173839;306;131465;307;305;
106;2171850;306;131466;307;305;
106;2172203;306;131467;307;305;
106;2172202;306;131468;307;305;
106;2172594;306;131469;307;305;
106;2173267;306;131470;307;305;
106;2174297;306;131471;307;305;
106;2173266;306;131472;307;305;
106;2172935;306;131473;307;305;
106;2173289;306;131474;307;305;
106;2172213;306;131475;307;305;
106;2173288;306;131476;307;305;
106;2172969;306;131477;307;305;
106;2174296;306;131478;307;305;
106;2172567;306;131479;307;305;
106;2172231;306;131480;307;305;
106;2172968;306;131481;307;305;
106;2172201;306;131482;307;305;
106;2171849;306;131483;307;305;
106;2171848;306;131484;307;305;
106;2174273;306;131485;307;305;
106;2172967;306;131486;307;305;
106;2172230;306;131487;307;305;
106;2172566;306;131488;307;305;
106;2172947;306;131489;307;305;
106;2172934;306;131490;307;305;
106;2173824;306;131491;307;305;
106;2172212;306;131492;307;305;
106;2173823;306;131493;307;305;
106;2172593;306;131494;307;305;
106;2171823;306;131495;307;305;
106;2172946;306;131496;307;305;
106;2171822;306;131497;307;305;
106;2173838;306;131498;307;305;
106;2174272;306;131499;307;305;
106;2174271;306;131500;307;305;
106;2171847;306;131501;307;305;
106;2173837;306;131502;307;305;
106;2172945;306;131503;307;305;
106;2171821;306;131504;307;305;
106;2172229;306;131505;307;305;
106;2173265;306;131506;307;305;
106;2172933;306;131507;307;305;
106;2173822;306;131508;307;305;
106;2172211;306;131509;307;305;
106;2173287;306;131510;307;305;
106;2172966;306;131511;307;305;
106;2172592;306;131512;307;305;
106;2172565;306;131513;307;305;
106;2174295;306;131514;307;305;
106;2173836;306;131515;307;305;
106;2173835;306;131516;307;305;
106;2172200;306;131517;307;305;
106;2172199;306;131518;307;305;
106;2172591;306;131519;307;305;
106;2172965;306;131520;307;305;
106;2174294;306;131521;307;305;
106;2172564;306;131522;307;305;
106;2173286;306;131523;307;305;
106;2172932;306;131524;307;305;
106;2173285;306;131525;307;305;
106;2172210;306;131526;307;305;
106;2173821;306;131527;307;305;
106;2174293;306;131528;307;305;
106;2173264;306;131529;307;305;
106;2172228;306;131530;307;305;
106;2174288;306;131531;307;305;
106;2172198;306;131532;307;305;
106;2173834;306;131533;307;305;
106;2171846;306;131534;307;305;
106;2174270;306;131535;307;305;
106;2173263;306;131536;307;305;
106;2172590;306;131537;307;305;
106;2174287;306;131538;307;305;
106;2172944;306;131539;307;305;
106;2173284;306;131540;307;305;
106;2172931;306;131541;307;305;
106;2173820;306;131542;307;305;
106;2172209;306;131543;307;305;
106;2172227;306;131544;307;305;
106;2172964;306;131545;307;305;
106;2172943;306;131546;307;305;
106;2172563;306;131547;307;305;
106;2172226;306;131548;307;305;
106;2174269;306;131549;307;305;
106;2174268;306;131550;307;305;
106;2171845;306;131551;307;305;
106;2171844;306;131552;307;305;
106;2172942;306;131553;307;305;
106;2172963;306;131554;307;305;
106;2172225;306;131555;307;305;
106;2172562;306;131556;307;305;
106;2173819;306;131557;307;305;
106;2172930;306;131558;307;305;
106;2173283;306;131559;307;305;
106;2172208;306;131560;307;305;
106;2174286;306;131561;307;305;
106;2172589;306;131562;307;305;
106;2173262;306;131563;307;305;
106;2174292;306;131564;307;305;
106;2173259;306;131565;307;305;
106;2173833;306;131566;307;305;
106;2172197;306;131567;307;305;
106;2172196;306;131568;307;305;
106;2172224;306;131569;307;305;
106;2173261;306;131570;307;305;
106;2174291;306;131571;307;305;
106;2173260;306;131572;307;305;
106;2173280;306;131573;307;305;
106;2173282;306;131574;307;305;
106;2172929;306;131575;307;305;
106;2173281;306;131576;307;305;
106;2172207;306;131577;307;305;
106;2174290;306;131578;307;305;
106;2172962;306;131579;307;305;
106;2172588;306;131580;307;305;
106;2172561;306;131581;307;305;
106;2172195;306;131582;307;305;
106;2173832;306;131583;307;305;
106;2173831;306;131584;307;305;
106;2174267;306;131585;307;305;
106;2172560;306;131586;307;305;
106;2172587;306;131587;307;305;
106;2172961;306;131588;307;305;
106;2172941;306;131589;307;305;
106;2174289;306;131590;307;305;
106;2173818;306;131591;307;305;
106;2172928;306;131592;307;305;
106;2173817;306;131593;307;305;
106;2173279;306;131594;307;305;
106;2174285;306;131595;307;305;
106;2172940;306;131596;307;305;
106;2174284;306;131597;307;305;
106;2173278;306;131598;307;305;
106;2174266;306;131599;307;305;
106;2174265;306;131600;307;305;
106;2173830;306;131601;307;305;
106;2169189;306;131602;307;305;
106;2169953;306;131603;307;305;
106;2169658;306;131604;307;305;
106;2169639;306;131605;307;305;
106;2171115;306;131606;307;305;
106;2171096;306;131607;307;305;
106;2171682;306;131608;307;305;
106;2170782;306;131609;307;305;
106;2170377;306;131610;307;305;
106;2169971;306;131611;307;305;
106;2170764;306;131612;307;305;
106;2170802;306;131613;307;305;
106;2170359;306;131614;307;305;
106;2169188;306;131615;307;305;
106;2169187;306;131616;307;305;
106;2169621;306;131617;307;305;
106;2169620;306;131618;307;305;
106;2169186;306;131619;307;305;
106;2169970;306;131620;307;305;
106;2170358;306;131621;307;305;
106;2170801;306;131622;307;305;
106;2170763;306;131623;307;305;
106;2171095;306;131624;307;305;
106;2170376;306;131625;307;305;
106;2170781;306;131626;307;305;
106;2171681;306;131627;307;305;
106;2170357;306;131628;307;305;
106;2171114;306;131629;307;305;
106;2169638;306;131630;307;305;
106;2169657;306;131631;307;305;
106;2169619;306;131632;307;305;
106;2169185;306;131633;307;305;
106;2171639;306;131634;307;305;
106;2171661;306;131635;307;305;
106;2171113;306;131636;307;305;
106;2170394;306;131637;307;305;
106;2169656;306;131638;307;305;
106;2169952;306;131639;307;305;
106;2170375;306;131640;307;305;
106;2171094;306;131641;307;305;
106;2171680;306;131642;307;305;
106;2170780;306;131643;307;305;
106;2171679;306;131644;307;305;
106;2169969;306;131645;307;305;
106;2169951;306;131646;307;305;
106;2170800;306;131647;307;305;
106;2169637;306;131648;307;305;
106;2171660;306;131649;307;305;
106;2171659;306;131650;307;305;
106;2171638;306;131651;307;305;
106;2171637;306;131652;307;305;
106;2169950;306;131653;307;305;
106;2169968;306;131654;307;305;
106;2169636;306;131655;307;305;
106;2170799;306;131656;307;305;
106;2171678;306;131657;307;305;
106;2171093;306;131658;307;305;
106;2170374;306;131659;307;305;
106;2170779;306;131660;307;305;
106;2169655;306;131661;307;305;
106;2170393;306;131662;307;305;
106;2171112;306;131663;307;305;
106;2170356;306;131664;307;305;
106;2171130;306;131665;307;305;
106;2169184;306;131666;307;305;
106;2169618;306;131667;307;305;
106;2169617;306;131668;307;305;
106;2171129;306;131669;307;305;
106;2171111;306;131670;307;305;
106;2170355;306;131671;307;305;
106;2171110;306;131672;307;305;
106;2169635;306;131673;307;305;
106;2170373;306;131674;307;305;
106;2171092;306;131675;307;305;
106;2170372;306;131676;307;305;
106;2170778;306;131677;307;305;
106;2170354;306;131678;307;305;
106;2169967;306;131679;307;305;
106;2170392;306;131680;307;305;
106;2170798;306;131681;307;305;
106;2169616;306;131682;307;305;
106;2169183;306;131683;307;305;
106;2169182;306;131684;307;305;
106;2171658;306;131685;307;305;
106;2170797;306;131686;307;305;
106;2170391;306;131687;307;305;
106;2169966;306;131688;307;305;
106;2169949;306;131689;307;305;
106;2170796;306;131690;307;305;
106;2171677;306;131691;307;305;
106;2171091;306;131692;307;305;
106;2171676;306;131693;307;305;
106;2170777;306;131694;307;305;
106;2169654;306;131695;307;305;
106;2169948;306;131696;307;305;
106;2169653;306;131697;307;305;
106;2169634;306;131698;307;305;
106;2171657;306;131699;307;305;
106;2171656;306;131700;307;305;
106;2169181;306;131701;307;305;
106;2171128;306;131702;307;305;
106;2169947;306;131703;307;305;
106;2169652;306;131704;307;305;
106;2170390;306;131705;307;305;
106;2171109;306;131706;307;305;
106;2170776;306;131707;307;305;
106;2171675;306;131708;307;305;
106;2171090;306;131709;307;305;
106;2170371;306;131710;307;305;
106;2170795;306;131711;307;305;
106;2169633;306;131712;307;305;
106;2169965;306;131713;307;305;
106;2170353;306;131714;307;305;
106;2170794;306;131715;307;305;
106;2171127;306;131716;307;305;
106;2169615;306;131717;307;305;
106;2169614;306;131718;307;305;
106;2171126;306;131719;307;305;
106;2170793;306;131720;307;305;
106;2170352;306;131721;307;305;
106;2169964;306;131722;307;305;
106;2169632;306;131723;307;305;
106;2170775;306;131724;307;305;
106;2170370;306;131725;307;305;
106;2171089;306;131726;307;305;
106;2171674;306;131727;307;305;
106;2170351;306;131728;307;305;
106;2171108;306;131729;307;305;
106;2170389;306;131730;307;305;
106;2169651;306;131731;307;305;
106;2169613;306;131732;307;305;
106;2171125;306;131733;307;305;
106;2169180;306;131734;307;305;
106;2171655;306;131735;307;305;
106;2171654;306;131736;307;305;
106;2169631;306;131737;307;305;
106;2169650;306;131738;307;305;
106;2169946;306;131739;307;305;
106;2169649;306;131740;307;305;
106;2170774;306;131741;307;305;
106;2171673;306;131742;307;305;
106;2171088;306;131743;307;305;
106;2171672;306;131744;307;305;
106;2170792;306;131745;307;305;
106;2169945;306;131746;307;305;
106;2169963;306;131747;307;305;
106;2170388;306;131748;307;305;
106;2171653;306;131749;307;305;
106;2171652;306;131750;307;305;
106;2169179;306;131751;307;305;
106;2169178;306;131752;307;305;
106;2169944;306;131753;307;305;
106;2170791;306;131754;307;305;
106;2170387;306;131755;307;305;
106;2169962;306;131756;307;305;
106;2171671;306;131757;307;305;
106;2170773;306;131758;307;305;
106;2170369;306;131759;307;305;
106;2171087;306;131760;307;305;
106;2170368;306;131761;307;305;
106;2169630;306;131762;307;305;
106;2171107;306;131763;307;305;
106;2170350;306;131764;307;305;
106;2171106;306;131765;307;305;
106;2171124;306;131766;307;305;
106;2169198;306;131767;307;305;
106;2169197;306;131768;307;305;
106;2169177;306;131769;307;305;
106;2171105;306;131770;307;305;
106;2170349;306;131771;307;305;
106;2171104;306;131772;307;305;
106;2170386;306;131773;307;305;
106;2170367;306;131774;307;305;
106;2170772;306;131775;307;305;
106;2170366;306;131776;307;305;
106;2171086;306;131777;307;305;
106;2169980;306;131778;307;305;
106;2170790;306;131779;307;305;
106;2169629;306;131780;307;305;
106;2169961;306;131781;307;305;
106;2169196;306;131782;307;305;
106;2171123;306;131783;307;305;
106;2171122;306;131784;307;305;
106;2171651;306;131785;307;305;
106;2171650;306;131786;307;305;
106;2169628;306;131787;307;305;
106;2170789;306;131788;307;305;
106;2169943;306;131789;307;305;
106;2169960;306;131790;307;305;
106;2171670;306;131791;307;305;
106;2170771;306;131792;307;305;
106;2171669;306;131793;307;305;
106;2171085;306;131794;307;305;
106;2169648;306;131795;307;305;
106;2169942;306;131796;307;305;
106;2169647;306;131797;307;305;
106;2170385;306;131798;307;305;
106;2171649;306;131799;307;305;
106;2171648;306;131800;307;305;
106;2171121;306;131801;307;305;
106;2169176;306;131802;307;305;
106;2169941;306;131803;307;305;
106;2169646;306;131804;307;305;
106;2169627;306;131805;307;305;
106;2171103;306;131806;307;305;
106;2169979;306;131807;307;305;
106;2171668;306;131808;307;305;
106;2170770;306;131809;307;305;
106;2170365;306;131810;307;305;
106;2170808;306;131811;307;305;
106;2170384;306;131812;307;305;
106;2170788;306;131813;307;305;
106;2169978;306;131814;307;305;
106;2169959;306;131815;307;305;
106;2169175;306;131816;307;305;
106;2169195;306;131817;307;305;
106;2169194;306;131818;307;305;
106;2169174;306;131819;307;305;
106;2169958;306;131820;307;305;
106;2169977;306;131821;307;305;
106;2170787;306;131822;307;305;
106;2170383;306;131823;307;305;
106;2170807;306;131824;307;305;
106;2170364;306;131825;307;305;
106;2170769;306;131826;307;305;
106;2171667;306;131827;307;305;
106;2169976;306;131828;307;305;
106;2171102;306;131829;307;305;
106;2169626;306;131830;307;305;
106;2169645;306;131831;307;305;
106;2169940;306;131832;307;305;
106;2169173;306;131833;307;305;
106;2171120;306;131834;307;305;
106;2171647;306;131835;307;305;
106;2171646;306;131836;307;305;
106;2170382;306;131837;307;305;
106;2169644;306;131838;307;305;
106;2169939;306;131839;307;305;
106;2169643;306;131840;307;305;
106;2170806;306;131841;307;305;
106;2171666;306;131842;307;305;
106;2170768;306;131843;307;305;
106;2171665;306;131844;307;305;
106;2169957;306;131845;307;305;
106;2169938;306;131846;307;305;
106;2170786;306;131847;307;305;
106;2169625;306;131848;307;305;
106;2171645;306;131849;307;305;
106;2171644;306;131850;307;305;
106;2171119;306;131851;307;305;
106;2171118;306;131852;307;305;
106;2169193;306;131853;307;305;
106;2169956;306;131854;307;305;
106;2169624;306;131855;307;305;
106;2170785;306;131856;307;305;
106;2169975;306;131857;307;305;
106;2170805;306;131858;307;305;
106;2170363;306;131859;307;305;
106;2170767;306;131860;307;305;
106;2170362;306;131861;307;305;
106;2170381;306;131862;307;305;
106;2171101;306;131863;307;305;
106;2169974;306;131864;307;305;
106;2171100;306;131865;307;305;
106;2169172;306;131866;307;305;
106;2169192;306;131867;307;305;
106;2169191;306;131868;307;305;
106;2171117;306;131869;307;305;
106;2171099;306;131870;307;305;
106;2169973;306;131871;307;305;
106;2171098;306;131872;307;305;
106;2169623;306;131873;307;305;
106;2170361;306;131874;307;305;
106;2170804;306;131875;307;305;
106;2170360;306;131876;307;305;
106;2170766;306;131877;307;305;
106;2171664;306;131878;307;305;
106;2169955;306;131879;307;305;
106;2170380;306;131880;307;305;
106;2170784;306;131881;307;305;
106;2169937;306;131882;307;305;
106;2169171;306;131883;307;305;
106;2169170;306;131884;307;305;
106;2171643;306;131885;307;305;
106;2171642;306;131886;307;305;
106;2170379;306;131887;307;305;
106;2169954;306;131888;307;305;
106;2169936;306;131889;307;305;
106;2170783;306;131890;307;305;
106;2171663;306;131891;307;305;
106;2170803;306;131892;307;305;
106;2171662;306;131893;307;305;
106;2170765;306;131894;307;305;
106;2169642;306;131895;307;305;
106;2169935;306;131896;307;305;
106;2169641;306;131897;307;305;
106;2169622;306;131898;307;305;
106;2171641;306;131899;307;305;
106;2171640;306;131900;307;305;
106;2169169;306;131901;307;305;
106;2171116;306;131902;307;305;
106;2169190;306;131903;307;305;
106;2169640;306;131904;307;305;
106;2170378;306;131905;307;305;
106;2171097;306;131906;307;305;
106;2169972;306;131907;307;305;
106;2167131;307;131908;308;306;
106;2171265;307;131909;308;306;
106;2172637;307;131910;308;306;
106;2164710;307;131911;308;306;
106;2166551;307;131912;308;306;
106;2170840;307;131913;308;306;
106;2172990;307;131914;308;306;
106;2176070;307;131915;308;306;
106;2171228;307;131916;308;306;
106;2175459;307;131917;308;306;
106;2175458;307;131918;308;306;
106;2171227;307;131919;308;306;
106;2176091;307;131920;308;306;
106;2172989;307;131921;308;306;
106;2170839;307;131922;308;306;
106;2166550;307;131923;308;306;
106;2176090;307;131924;308;306;
106;2172636;307;131925;308;306;
106;2171264;307;131926;308;306;
106;2166571;307;131927;308;306;
106;2164709;307;131928;308;306;
106;2171475;307;131929;308;306;
106;2175481;307;131930;308;306;
106;2172607;307;131931;308;306;
106;2167160;307;131932;308;306;
106;2171226;307;131933;308;306;
106;2176071;307;131934;308;306;
