EVENT_ID;TICKET_ID;SECTOR_ID;SEAT_ID;sector_left;sector_righ
107;2185034;303;129934;304;302
107;2186692;303;129935;304;302
107;2187036;303;129936;304;302
107;2185544;303;129937;304;302
107;2185834;303;129938;304;302
107;2184852;303;129939;304;302
107;2186520;303;129940;304;302
107;2185826;303;129941;304;302
107;2186691;303;129942;304;302
107;2184638;303;129943;304;302
107;2185028;303;129944;304;302
107;2186672;303;129945;304;302
107;2186671;303;129946;304;302
107;2185027;303;129947;304;302
107;2184637;303;129948;304;302
107;2186898;303;129949;304;302
107;2185825;303;129950;304;302
107;2186519;303;129951;304;302
107;2184871;303;129952;304;302
107;2185833;303;129953;304;302
107;2185795;303;129954;304;302
107;2187035;303;129955;304;302
107;2184870;303;129956;304;302
107;2185533;303;129957;304;302
107;2186516;303;129958;304;302
107;2186486;303;129959;304;302
107;2187051;303;129960;304;302
107;2185026;303;129961;304;302
107;2185970;303;129962;304;302
107;2185055;303;129963;304;302
107;2185054;303;129964;304;302
107;2186518;303;129965;304;302
107;2186485;303;129966;304;302
107;2187050;303;129967;304;302
107;2186484;303;129968;304;302
107;2184869;303;129969;304;302
107;2186935;303;129970;304;302
107;2185794;303;129971;304;302
107;2186934;303;129972;304;302
107;2184636;303;129973;304;302
107;2187049;303;129974;304;302
107;2185824;303;129975;304;302
107;2186515;303;129976;304;302
107;2184635;303;129977;304;302
107;2185053;303;129978;304;302
107;2185969;303;129979;304;302
107;2185968;303;129980;304;302
107;2186684;303;129981;304;302
107;2184634;303;129982;304;302
107;2186514;303;129983;304;302
107;2185823;303;129984;304;302
107;2186897;303;129985;304;302
107;2184868;303;129986;304;302
107;2185950;303;129987;304;302
107;2185793;303;129988;304;302
107;2185949;303;129989;304;302
107;2186705;303;129990;304;302
107;2185532;303;129991;304;302
107;2186896;303;129992;304;302
107;2185531;303;129993;304;302
107;2185025;303;129994;304;302
107;2186683;303;129995;304;302
107;2186682;303;129996;304;302
107;2185967;303;129997;304;302
107;2185530;303;129998;304;302
107;2186711;303;129999;304;302
107;2185529;303;130000;304;302
107;2186513;303;130001;304;302
107;2186483;303;130002;304;302
107;2184867;303;130003;304;302
107;2185948;303;130004;304;302
107;2185792;303;130005;304;302
107;2186933;303;130006;304;302
107;2184633;303;130007;304;302
107;2186704;303;130008;304;302
107;2185816;303;130009;304;302
107;2187048;303;130010;304;302
107;2185024;303;130011;304;302
107;2185023;303;130012;304;302
107;2185052;303;130013;304;302
107;2185051;303;130014;304;302
107;2186703;303;130015;304;302
107;2184632;303;130016;304;302
107;2187047;303;130017;304;302
107;2185815;303;130018;304;302
107;2186932;303;130019;304;302
107;2184866;303;130020;304;302
107;2186931;303;130021;304;302
107;2185561;303;130022;304;302
107;2186482;303;130023;304;302
107;2187046;303;130024;304;302
107;2185975;303;130025;304;302
107;2186512;303;130026;304;302
107;2185528;303;130027;304;302
107;2185050;303;130028;304;302
107;2185022;303;130029;304;302
107;2185966;303;130030;304;302
107;2186681;303;130031;304;302
107;2185974;303;130032;304;302
107;2186702;303;130033;304;302
107;2185527;303;130034;304;302
107;2186710;303;130035;304;302
107;2186930;303;130036;304;302
107;2184865;303;130037;304;302
107;2185947;303;130038;304;302
107;2185560;303;130039;304;302
107;2186511;303;130040;304;302
107;2184631;303;130041;304;302
107;2186709;303;130042;304;302
107;2185814;303;130043;304;302
107;2185965;303;130044;304;302
107;2186680;303;130045;304;302
107;2186679;303;130046;304;302
107;2185964;303;130047;304;302
107;2185963;303;130048;304;302
107;2186708;303;130049;304;302
107;2184630;303;130050;304;302
107;2186510;303;130051;304;302
107;2185813;303;130052;304;302
107;2185946;303;130053;304;302
107;2184864;303;130054;304;302
107;2186929;303;130055;304;302
107;2185559;303;130056;304;302
107;2185526;303;130057;304;302
107;2186701;303;130058;304;302
107;2185973;303;130059;304;302
107;2187045;303;130060;304;302
107;2185962;303;130061;304;302
107;2185021;303;130062;304;302
107;2185049;303;130063;304;302
107;2185048;303;130064;304;302
107;2186509;303;130065;304;302
107;2185972;303;130066;304;302
107;2187044;303;130067;304;302
107;2185971;303;130068;304;302
107;2185558;303;130069;304;302
107;2186928;303;130070;304;302
107;2184863;303;130071;304;302
107;2186927;303;130072;304;302
107;2185557;303;130073;304;302
107;2187043;303;130074;304;302
107;2184629;303;130075;304;302
107;2186700;303;130076;304;302
107;2185812;303;130077;304;302
107;2185047;303;130078;304;302
107;2185020;303;130079;304;302
107;2185019;303;130080;304;302
107;2186678;303;130081;304;302
107;2185811;303;130082;304;302
107;2186699;303;130083;304;302
107;2184628;303;130084;304;302
107;2207556;304;130085;305;303
107;2237898;304;130086;305;303
107;2237635;304;130087;305;303
107;2238334;304;130088;305;303
107;2237634;304;130089;305;303
107;2207702;304;130090;305;303
107;2237932;304;130091;305;303
107;2207555;304;130092;305;303
107;2237931;304;130093;305;303
107;2207701;304;130094;305;303
107;2207581;304;130095;305;303
107;2207580;304;130096;305;303
107;2238317;304;130097;305;303
107;2237616;304;130098;305;303
107;2207554;304;130099;305;303
107;2237930;304;130100;305;303
107;2207573;304;130101;305;303
107;2207717;304;130102;305;303
107;2237897;304;130103;305;303
107;2237633;304;130104;305;303
107;2238333;304;130105;305;303
107;2207400;304;130106;305;303
107;2237651;304;130107;305;303
107;2207700;304;130108;305;303
107;2238857;304;130109;305;303
107;2207387;304;130110;305;303
107;2237615;304;130111;305;303
107;2237614;304;130112;305;303
107;2237913;304;130113;305;303
107;2237912;304;130114;305;303
107;2207699;304;130115;305;303
107;2237650;304;130116;305;303
107;2207386;304;130117;305;303
107;2238856;304;130118;305;303
107;2207698;304;130119;305;303
107;2237896;304;130120;305;303
107;2207399;304;130121;305;303
107;2238332;304;130122;305;303
107;2237632;304;130123;305;303
107;2207385;304;130124;305;303
107;2207716;304;130125;305;303
107;2207572;304;130126;305;303
107;2237929;304;130127;305;303
107;2237911;304;130128;305;303
107;2237613;304;130129;305;303
107;2238316;304;130130;305;303
107;2207579;304;130131;305;303
107;2207715;304;130132;305;303
107;2207697;304;130133;305;303
107;2237928;304;130134;305;303
107;2207553;304;130135;305;303
107;2207398;304;130136;305;303
107;2237895;304;130137;305;303
107;2237631;304;130138;305;303
107;2238331;304;130139;305;303
107;2207571;304;130140;305;303
107;2237649;304;130141;305;303
107;2207552;304;130142;305;303
107;2238855;304;130143;305;303
107;2207570;304;130144;305;303
107;2207578;304;130145;305;303
107;2207577;304;130146;305;303
107;2238315;304;130147;305;303
107;2238314;304;130148;305;303
107;2207551;304;130149;305;303
107;2237648;304;130150;305;303
107;2207569;304;130151;305;303
107;2238854;304;130152;305;303
107;2237630;304;130153;305;303
107;2237894;304;130154;305;303
107;2207397;304;130155;305;303
107;2238330;304;130156;305;303
107;2237927;304;130157;305;303
107;2207696;304;130158;305;303
107;2207714;304;130159;305;303
107;2207384;304;130160;305;303
107;2238313;304;130161;305;303
107;2237612;304;130162;305;303
107;2237910;304;130163;305;303
107;2237909;304;130164;305;303
107;2238312;304;130165;305;303
107;2207713;304;130166;305;303
107;2207383;304;130167;305;303
107;2207712;304;130168;305;303
107;2207568;304;130169;305;303
107;2207396;304;130170;305;303
107;2237893;304;130171;305;303
107;2207395;304;130172;305;303
107;2238329;304;130173;305;303
107;2207382;304;130174;305;303
107;2237647;304;130175;305;303
107;2207695;304;130176;305;303
107;2238853;304;130177;305;303
107;2237908;304;130178;305;303
107;2237611;304;130179;305;303
107;2207727;304;130180;305;303
107;2207576;304;130181;305;303
107;2238346;304;130182;305;303
107;2207694;304;130183;305;303
107;2237646;304;130184;305;303
107;2207550;304;130185;305;303
107;2238328;304;130186;305;303
107;2237629;304;130187;305;303
107;2237892;304;130188;305;303
107;2237628;304;130189;305;303
107;2238327;304;130190;305;303
107;2237926;304;130191;305;303
107;2207549;304;130192;305;303
107;2237925;304;130193;305;303
107;2207567;304;130194;305;303
107;2207575;304;130195;305;303
107;2207574;304;130196;305;303
107;2207726;304;130197;305;303
107;2238311;304;130198;305;303
107;2207548;304;130199;305;303
107;2237924;304;130200;305;303
107;2207693;304;130201;305;303
107;2207711;304;130202;305;303
107;2238326;304;130203;305;303
107;2237627;304;130204;305;303
107;2237891;304;130205;305;303
107;2207394;304;130206;305;303
107;2238345;304;130207;305;303
107;2207566;304;130208;305;303
107;2237645;304;130209;305;303
107;2207381;304;130210;305;303
107;2238344;304;130211;305;303
107;2238310;304;130212;305;303
107;2237907;304;130213;305;303
107;2237906;304;130214;305;303
107;2238309;304;130215;305;303
107;2238343;304;130216;305;303
107;2207380;304;130217;305;303
107;2237644;304;130218;305;303
107;2207565;304;130219;305;303
107;2238325;304;130220;305;303
107;2207393;304;130221;305;303
107;2237890;304;130222;305;303
107;2237626;304;130223;305;303
107;2207379;304;130224;305;303
107;2207710;304;130225;305;303
107;2207692;304;130226;305;303
107;2237923;304;130227;305;303
107;2237905;304;130228;305;303
107;2238308;304;130229;305;303
107;2207725;304;130230;305;303
107;2207684;304;130231;305;303
107;2207709;304;130232;305;303
107;2207564;304;130233;305;303
107;2237922;304;130234;305;303
107;2207547;304;130235;305;303
107;2237921;304;130236;305;303
107;2238324;304;130237;305;303
107;2237625;304;130238;305;303
107;2237889;304;130239;305;303
107;2237624;304;130240;305;303
107;2238342;304;130241;305;303
107;2207546;304;130242;305;303
107;2237643;304;130243;305;303
107;2207691;304;130244;305;303
107;2207683;304;130245;305;303
107;2207682;304;130246;305;303
107;2207724;304;130247;305;303
107;2207723;304;130248;305;303
107;2207545;304;130249;305;303
107;2238341;304;130250;305;303
107;2207690;304;130251;305;303
107;2237642;304;130252;305;303
107;2237623;304;130253;305;303
107;2238323;304;130254;305;303
107;2207392;304;130255;305;303
107;2237888;304;130256;305;303
107;2237920;304;130257;305;303
107;2207563;304;130258;305;303
107;2207708;304;130259;305;303
107;2207378;304;130260;305;303
107;2207707;304;130261;305;303
107;2238307;304;130262;305;303
107;2237904;304;130263;305;303
107;2237903;304;130264;305;303
107;2207722;304;130265;305;303
107;2207706;304;130266;305;303
107;2207377;304;130267;305;303
107;2207705;304;130268;305;303
107;2207689;304;130269;305;303
107;2207391;304;130270;305;303
107;2238322;304;130271;305;303
107;2207390;304;130272;305;303
107;2237887;304;130273;305;303
107;2207376;304;130274;305;303
107;2238340;304;130275;305;303
107;2207562;304;130276;305;303
107;2237641;304;130277;305;303
107;2237902;304;130278;305;303
107;2238306;304;130279;305;303
107;2238305;304;130280;305;303
107;2207589;304;130281;305;303
107;2207588;304;130282;305;303
107;2207561;304;130283;305;303
107;2238339;304;130284;305;303
107;2207544;304;130285;305;303
107;2237640;304;130286;305;303
107;2237622;304;130287;305;303
107;2238321;304;130288;305;303
107;2237621;304;130289;305;303
107;2237656;304;130290;305;303
107;2237919;304;130291;305;303
107;2207405;304;130292;305;303
107;2237918;304;130293;305;303
107;2207688;304;130294;305;303
107;2207587;304;130295;305;303
107;2207586;304;130296;305;303
107;2238304;304;130297;305;303
107;2207721;304;130298;305;303
107;2207404;304;130299;305;303
107;2237917;304;130300;305;303
107;2207560;304;130301;305;303
107;2207704;304;130302;305;303
107;2237655;304;130303;305;303
107;2237620;304;130304;305;303
107;2238320;304;130305;305;303
107;2207389;304;130306;305;303
107;2237654;304;130307;305;303
107;2207687;304;130308;305;303
107;2238338;304;130309;305;303
107;2207375;304;130310;305;303
107;2237639;304;130311;305;303
107;2207720;304;130312;305;303
107;2237901;304;130313;305;303
107;2237900;304;130314;305;303
107;2207719;304;130315;305;303
107;2237638;304;130316;305;303
107;2207374;304;130317;305;303
107;2238337;304;130318;305;303
107;2207686;304;130319;305;303
107;2237653;304;130320;305;303
107;2207388;304;130321;305;303
107;2238319;304;130322;305;303
107;2237619;304;130323;305;303
107;2207373;304;130324;305;303
107;2207703;304;130325;305;303
107;2207559;304;130326;305;303
107;2237916;304;130327;305;303
107;2237899;304;130328;305;303
107;2207718;304;130329;305;303
107;2238303;304;130330;305;303
107;2207585;304;130331;305;303
107;2207584;304;130332;305;303
107;2207685;304;130333;305;303
107;2237915;304;130334;305;303
107;2207403;304;130335;305;303
107;2237914;304;130336;305;303
107;2237652;304;130337;305;303
107;2237618;304;130338;305;303
107;2238318;304;130339;305;303
107;2237617;304;130340;305;303
107;2237637;304;130341;305;303
107;2207402;304;130342;305;303
107;2238336;304;130343;305;303
107;2207558;304;130344;305;303
107;2207583;304;130345;305;303
107;2207582;304;130346;305;303
107;2238302;304;130347;305;303
107;2238301;304;130348;305;303
107;2207401;304;130349;305;303
107;2237636;304;130350;305;303
107;2207557;304;130351;305;303
107;2238335;304;130352;305;303
107;2207372;304;130353;305;303
107;2207371;304;130354;305;303
107;2238877;304;130355;305;303
107;2207236;304;130356;305;303
107;2238876;304;130357;305;303
107;2206774;304;130358;305;303
107;2207258;304;130359;305;303
107;2238898;304;130360;305;303
107;2207257;304;130361;305;303
107;2206971;304;130362;305;303
107;2207104;304;130363;305;303
107;2207103;304;130364;305;303
107;2207122;304;130365;305;303
107;2207256;304;130366;305;303
107;2238897;304;130367;305;303
107;2207255;304;130368;305;303
107;2207084;304;130369;305;303
107;2238875;304;130370;305;303
107;2207370;304;130371;305;303
107;2238874;304;130372;305;303
107;2207235;304;130373;305;303
107;2238896;304;130374;305;303
107;2206792;304;130375;305;303
107;2206773;304;130376;305;303
107;2206949;304;130377;305;303
107;2206595;304;130378;305;303
107;2206970;304;130379;305;303
107;2206969;304;130380;305;303
107;2206465;304;130381;305;303
107;2206464;304;130382;305;303
107;2206772;304;130383;305;303
107;2206791;304;130384;305;303
107;2206594;304;130385;305;303
107;2206948;304;130386;305;303
107;2206485;304;130387;305;303
107;2207369;304;130388;305;303
107;2206484;304;130389;305;303
107;2207234;304;130390;305;303
107;2206615;304;130391;305;303
107;2206593;304;130392;305;303
107;2206614;304;130393;305;303
107;2206991;304;130394;305;303
107;2206463;304;130395;305;303
107;2206462;304;130396;305;303
107;2206968;304;130397;305;303
107;2207121;304;130398;305;303
107;2207102;304;130399;305;303
107;2206613;304;130400;305;303
107;2206771;304;130401;305;303
107;2207254;304;130402;305;303
107;2238895;304;130403;305;303
107;2206483;304;130404;305;303
107;2207368;304;130405;305;303
107;2238873;304;130406;305;303
107;2207233;304;130407;305;303
107;2206990;304;130408;305;303
107;2206790;304;130409;305;303
107;2238894;304;130410;305;303
107;2206947;304;130411;305;303
107;2207120;304;130412;305;303
107;2207101;304;130413;305;303
107;2207100;304;130414;305;303
107;2207119;304;130415;305;303
107;2206946;304;130416;305;303
107;2238893;304;130417;305;303
107;2206789;304;130418;305;303
107;2206989;304;130419;305;303
107;2207232;304;130420;305;303
107;2238872;304;130421;305;303
107;2207367;304;130422;305;303
107;2206482;304;130423;305;303
107;2207231;304;130424;305;303
107;2207253;304;130425;305;303
107;2206770;304;130426;305;303
107;2206612;304;130427;305;303
107;2206592;304;130428;305;303
107;2207118;304;130429;305;303
107;2206967;304;130430;305;303
107;2206461;304;130431;305;303
107;2206460;304;130432;305;303
107;2206988;304;130433;305;303
107;2206611;304;130434;305;303
107;2206591;304;130435;305;303
107;2206610;304;130436;305;303
107;2207230;304;130437;305;303
107;2206481;304;130438;305;303
107;2207366;304;130439;305;303
107;2206480;304;130440;305;303
107;2206807;304;130441;305;303
107;2206590;304;130442;305;303
107;2206788;304;130443;305;303
107;2206769;304;130444;305;303
107;2206459;304;130445;305;303
107;2206458;304;130446;305;303
107;2206966;304;130447;305;303
107;2206965;304;130448;305;303
107;2207099;304;130449;305;303
107;2206806;304;130450;305;303
107;2206768;304;130451;305;303
107;2206787;304;130452;305;303
107;2238892;304;130453;305;303
107;2207229;304;130454;305;303
107;2238871;304;130455;305;303
107;2207365;304;130456;305;303
107;2238870;304;130457;305;303
107;2206987;304;130458;305;303
107;2207252;304;130459;305;303
107;2238891;304;130460;305;303
107;2207251;304;130461;305;303
107;2207117;304;130462;305;303
107;2207098;304;130463;305;303
107;2207097;304;130464;305;303
107;2206964;304;130465;305;303
107;2207250;304;130466;305;303
107;2238890;304;130467;305;303
107;2207249;304;130468;305;303
107;2206767;304;130469;305;303
107;2206609;304;130470;305;303
107;2207228;304;130471;305;303
107;2238869;304;130472;305;303
107;2207364;304;130473;305;303
107;2206479;304;130474;305;303
107;2206805;304;130475;305;303
107;2206986;304;130476;305;303
107;2206786;304;130477;305;303
107;2206589;304;130478;305;303
107;2207116;304;130479;305;303
107;2207115;304;130480;305;303
107;2206457;304;130481;305;303
107;2206456;304;130482;305;303
107;2206985;304;130483;305;303
107;2206804;304;130484;305;303
107;2206588;304;130485;305;303
107;2206785;304;130486;305;303
107;2206478;304;130487;305;303
107;2207227;304;130488;305;303
107;2206477;304;130489;305;303
107;2207363;304;130490;305;303
107;2206608;304;130491;305;303
107;2206587;304;130492;305;303
107;2206607;304;130493;305;303
107;2206766;304;130494;305;303
107;2207248;304;130495;305;303
107;2206455;304;130496;305;303
107;2207114;304;130497;305;303
107;2206963;304;130498;305;303
107;2207096;304;130499;305;303
107;2206606;304;130500;305;303
107;2206984;304;130501;305;303
107;2207247;304;130502;305;303
107;2238889;304;130503;305;303
107;2206476;304;130504;305;303
107;2207226;304;130505;305;303
107;2238868;304;130506;305;303
107;2207362;304;130507;305;303
107;2206765;304;130508;305;303
107;2206803;304;130509;305;303
107;2238888;304;130510;305;303
107;2206784;304;130511;305;303
107;2206962;304;130512;305;303
107;2207095;304;130513;305;303
107;2207094;304;130514;305;303
107;2206961;304;130515;305;303
107;2206960;304;130516;305;303
107;2238887;304;130517;305;303
107;2206802;304;130518;305;303
107;2206764;304;130519;305;303
107;2206783;304;130520;305;303
107;2238867;304;130521;305;303
107;2207225;304;130522;305;303
107;2206475;304;130523;305;303
107;2207361;304;130524;305;303
107;2207246;304;130525;305;303
107;2206983;304;130526;305;303
107;2206605;304;130527;305;303
107;2206586;304;130528;305;303
107;2206959;304;130529;305;303
107;2207113;304;130530;305;303
107;2206454;304;130531;305;303
107;2206453;304;130532;305;303
107;2206763;304;130533;305;303
107;2206604;304;130534;305;303
107;2206585;304;130535;305;303
107;2206603;304;130536;305;303
107;2207360;304;130537;305;303
107;2206474;304;130538;305;303
107;2207224;304;130539;305;303
107;2206473;304;130540;305;303
107;2207267;304;130541;305;303
107;2206584;304;130542;305;303
107;2206801;304;130543;305;303
107;2206982;304;130544;305;303
107;2206782;304;130545;305;303
107;2206452;304;130546;305;303
107;2207112;304;130547;305;303
107;2207111;304;130548;305;303
107;2207093;304;130549;305;303
107;2206781;304;130550;305;303
107;2206981;304;130551;305;303
107;2206800;304;130552;305;303
107;2238886;304;130553;305;303
107;2207266;304;130554;305;303
107;2238866;304;130555;305;303
107;2207223;304;130556;305;303
107;2238865;304;130557;305;303
107;2206762;304;130558;305;303
107;2207245;304;130559;305;303
107;2238885;304;130560;305;303
107;2207244;304;130561;305;303
107;2206958;304;130562;305;303
107;2207092;304;130563;305;303
107;2207091;304;130564;305;303
107;2207110;304;130565;305;303
107;2206957;304;130566;305;303
107;2238884;304;130567;305;303
107;2207243;304;130568;305;303
107;2206980;304;130569;305;303
107;2206602;304;130570;305;303
107;2207265;304;130571;305;303
107;2238864;304;130572;305;303
107;2207222;304;130573;305;303
107;2206472;304;130574;305;303
107;2206780;304;130575;305;303
107;2206623;304;130576;305;303
107;2206799;304;130577;305;303
107;2206583;304;130578;305;303
107;2206956;304;130579;305;303
107;2206955;304;130580;305;303
107;2206451;304;130581;305;303
107;2206450;304;130582;305;303
107;2206622;304;130583;305;303
107;2206779;304;130584;305;303
107;2206582;304;130585;305;303
107;2206798;304;130586;305;303
107;2206621;304;130587;305;303
107;2207264;304;130588;305;303
107;2206471;304;130589;305;303
107;2207129;304;130590;305;303
107;2238863;304;130591;305;303
107;2206581;304;130592;305;303
107;2206601;304;130593;305;303
107;2206979;304;130594;305;303
107;2207242;304;130595;305;303
107;2206449;304;130596;305;303
107;2206954;304;130597;305;303
107;2207109;304;130598;305;303
107;2207090;304;130599;305;303
107;2206600;304;130600;305;303
107;2206620;304;130601;305;303
107;2207241;304;130602;305;303
107;2238883;304;130603;305;303
107;2206470;304;130604;305;303
107;2207263;304;130605;305;303
107;2238862;304;130606;305;303
107;2207128;304;130607;305;303
107;2206978;304;130608;305;303
107;2206778;304;130609;305;303
107;2238882;304;130610;305;303
107;2206797;304;130611;305;303
107;2206977;304;130612;305;303
107;2207089;304;130613;305;303
107;2207088;304;130614;305;303
107;2207108;304;130615;305;303
107;2207107;304;130616;305;303
107;2238881;304;130617;305;303
107;2206777;304;130618;305;303
107;2206976;304;130619;305;303
107;2206796;304;130620;305;303
107;2238861;304;130621;305;303
107;2207262;304;130622;305;303
107;2206469;304;130623;305;303
107;2207127;304;130624;305;303
107;2207240;304;130625;305;303
107;2206619;304;130626;305;303
107;2206599;304;130627;305;303
107;2206580;304;130628;305;303
107;2207106;304;130629;305;303
107;2206953;304;130630;305;303
107;2206448;304;130631;305;303
107;2206447;304;130632;305;303
107;2206975;304;130633;305;303
107;2206598;304;130634;305;303
107;2206579;304;130635;305;303
107;2206597;304;130636;305;303
107;2206974;304;130637;305;303
107;2206468;304;130638;305;303
107;2207261;304;130639;305;303
107;2206467;304;130640;305;303
107;2207126;304;130641;305;303
107;2206578;304;130642;305;303
107;2206776;304;130643;305;303
107;2206618;304;130644;305;303
107;2206795;304;130645;305;303
107;2206446;304;130646;305;303
107;2206952;304;130647;305;303
107;2206951;304;130648;305;303
107;2207087;304;130649;305;303
107;2206794;304;130650;305;303
107;2206617;304;130651;305;303
107;2206775;304;130652;305;303
107;2238880;304;130653;305;303
107;2207125;304;130654;305;303
107;2238860;304;130655;305;303
107;2207260;304;130656;305;303
107;2238859;304;130657;305;303
107;2207124;304;130658;305;303
107;2207239;304;130659;305;303
107;2238879;304;130660;305;303
107;2207238;304;130661;305;303
107;2206973;304;130662;305;303
107;2207086;304;130663;305;303
107;2207085;304;130664;305;303
107;2206950;304;130665;305;303
107;2207105;304;130666;305;303
107;2238878;304;130667;305;303
107;2207237;304;130668;305;303
107;2206616;304;130669;305;303
107;2206596;304;130670;305;303
107;2207123;304;130671;305;303
107;2238858;304;130672;305;303
107;2207259;304;130673;305;303
107;2206466;304;130674;305;303
107;2206793;304;130675;305;303
107;2206972;304;130676;305;303
107;2183155;305;130677;306;304
107;2181667;305;130678;306;304
107;2182233;305;130679;306;304
107;2182232;305;130680;306;304
107;2181508;305;130681;306;304
107;2181507;305;130682;306;304
107;2182231;305;130683;306;304
107;2182766;305;130684;306;304
107;2181666;305;130685;306;304
107;2183154;305;130686;306;304
107;2182075;305;130687;306;304
107;2183041;305;130688;306;304
107;2181636;305;130689;306;304
107;2182173;305;130690;306;304
107;2182881;305;130691;306;304
107;2181665;305;130692;306;304
107;2181811;305;130693;306;304
107;2183185;305;130694;306;304
107;2182261;305;130695;306;304
107;2181506;305;130696;306;304
107;2182230;305;130697;306;304
107;2182743;305;130698;306;304
107;2182153;305;130699;306;304
107;2181810;305;130700;306;304
107;2182074;305;130701;306;304
107;2182260;305;130702;306;304
107;2181385;305;130703;306;304
107;2182259;305;130704;306;304
107;2183040;305;130705;306;304
107;2182880;305;130706;306;304
107;2182172;305;130707;306;304
107;2182879;305;130708;306;304
107;2182765;305;130709;306;304
107;2181384;305;130710;306;304
107;2183153;305;130711;306;304
107;2183184;305;130712;306;304
107;2182152;305;130713;306;304
107;2182151;305;130714;306;304
107;2182742;305;130715;306;304
107;2182741;305;130716;306;304
107;2181383;305;130717;306;304
107;2182764;305;130718;306;304
107;2183183;305;130719;306;304
107;2183152;305;130720;306;304
107;2182878;305;130721;306;304
107;2183039;305;130722;306;304
107;2181635;305;130723;306;304
107;2182171;305;130724;306;304
107;2182258;305;130725;306;304
107;2182073;305;130726;306;304
107;2181809;305;130727;306;304
107;2181664;305;130728;306;304
107;2181808;305;130729;306;304
107;2182229;305;130730;306;304
107;2181505;305;130731;306;304
107;2181504;305;130732;306;304
107;2182740;305;130733;306;304
107;2181807;305;130734;306;304
107;2181663;305;130735;306;304
107;2181806;305;130736;306;304
107;2183182;305;130737;306;304
107;2181634;305;130738;306;304
107;2183038;305;130739;306;304
107;2181633;305;130740;306;304
107;2182170;305;130741;306;304
107;2181662;305;130742;306;304
107;2182763;305;130743;306;304
107;2182072;305;130744;306;304
107;2183151;305;130745;306;304
107;2181503;305;130746;306;304
107;2182228;305;130747;306;304
107;2182227;305;130748;306;304
107;2182150;305;130749;306;304
107;2183150;305;130750;306;304
107;2182071;305;130751;306;304
107;2182762;305;130752;306;304
107;2181382;305;130753;306;304
107;2183149;305;130754;306;304
107;2182877;305;130755;306;304
107;2183037;305;130756;306;304
107;2182876;305;130757;306;304
107;2182169;305;130758;306;304
107;2182257;305;130759;306;304
107;2181381;305;130760;306;304
107;2182256;305;130761;306;304
107;2183181;305;130762;306;304
107;2182149;305;130763;306;304
107;2182148;305;130764;306;304
107;2182180;305;130765;306;304
107;2182739;305;130766;306;304
107;2181380;305;130767;306;304
107;2182255;305;130768;306;304
107;2182070;305;130769;306;304
107;2181805;305;130770;306;304
107;2182168;305;130771;306;304
107;2182875;305;130772;306;304
107;2183036;305;130773;306;304
107;2181632;305;130774;306;304
107;2182167;305;130775;306;304
107;2183180;305;130776;306;304
107;2182761;305;130777;306;304
107;2181661;305;130778;306;304
107;2183148;305;130779;306;304
107;2182738;305;130780;306;304
107;2181502;305;130781;306;304
107;2181501;305;130782;306;304
107;2182737;305;130783;306;304
107;2183147;305;130784;306;304
107;2181660;305;130785;306;304
107;2182760;305;130786;306;304
107;2183179;305;130787;306;304
107;2182166;305;130788;306;304
107;2181631;305;130789;306;304
107;2183035;305;130790;306;304
107;2182874;305;130791;306;304
107;2181659;305;130792;306;304
107;2181804;305;130793;306;304
107;2182069;305;130794;306;304
107;2182254;305;130795;306;304
107;2181500;305;130796;306;304
107;2182736;305;130797;306;304
107;2182179;305;130798;306;304
107;2182147;305;130799;306;304
107;2182146;305;130800;306;304
107;2183178;305;130801;306;304
107;2182253;305;130802;306;304
107;2181379;305;130803;306;304
107;2182252;305;130804;306;304
107;2182165;305;130805;306;304
107;2182873;305;130806;306;304
107;2183034;305;130807;306;304
107;2182872;305;130808;306;304
107;2183054;305;130809;306;304
107;2181378;305;130810;306;304
107;2182759;305;130811;306;304
107;2182068;305;130812;306;304
107;2182145;305;130813;306;304
107;2182144;305;130814;306;304
107;2182178;305;130815;306;304
107;2182177;305;130816;306;304
107;2181377;305;130817;306;304
107;2183053;305;130818;306;304
107;2182067;305;130819;306;304
107;2182758;305;130820;306;304
107;2181658;305;130821;306;304
107;2182164;305;130822;306;304
107;2181630;305;130823;306;304
107;2183033;305;130824;306;304
107;2181629;305;130825;306;304
107;2183177;305;130826;306;304
107;2181803;305;130827;306;304
107;2181657;305;130828;306;304
107;2181802;305;130829;306;304
107;2182735;305;130830;306;304
107;2181499;305;130831;306;304
107;2181498;305;130832;306;304
107;2182176;305;130833;306;304
107;2181801;305;130834;306;304
107;2181656;305;130835;306;304
107;2181800;305;130836;306;304
107;2182084;305;130837;306;304
107;2181536;305;130838;306;304
107;2182163;305;130839;306;304
107;2181645;305;130840;306;304
107;2183052;305;130841;306;304
107;2181655;305;130842;306;304
107;2183165;305;130843;306;304
107;2183176;305;130844;306;304
107;2182757;305;130845;306;304
107;2181376;305;130846;306;304
107;2182734;305;130847;306;304
107;2182733;305;130848;306;304
107;2182143;305;130849;306;304
107;2182142;305;130850;306;304
107;2183175;305;130851;306;304
107;2183164;305;130852;306;304
107;2181375;305;130853;306;304
107;2182756;305;130854;306;304
107;2182871;305;130855;306;304
107;2182162;305;130856;306;304
107;2182778;305;130857;306;304
107;2183051;305;130858;306;304
107;2182251;305;130859;306;304
107;2181374;305;130860;306;304
107;2182250;305;130861;306;304
107;2182083;305;130862;306;304
107;2182141;305;130863;306;304
107;2182140;305;130864;306;304
107;2182272;305;130865;306;304
107;2182241;305;130866;306;304
107;2181373;305;130867;306;304
107;2182249;305;130868;306;304
107;2183174;305;130869;306;304
107;2181799;305;130870;306;304
107;2181654;305;130871;306;304
107;2182777;305;130872;306;304
107;2182161;305;130873;306;304
107;2181644;305;130874;306;304
107;2183050;305;130875;306;304
107;2182082;305;130876;306;304
107;2183163;305;130877;306;304
107;2181653;305;130878;306;304
107;2182755;305;130879;306;304
107;2182240;305;130880;306;304
107;2181516;305;130881;306;304
107;2181515;305;130882;306;304
107;2182239;305;130883;306;304
107;2182754;305;130884;306;304
107;2181652;305;130885;306;304
107;2183162;305;130886;306;304
107;2182081;305;130887;306;304
107;2183049;305;130888;306;304
107;2181643;305;130889;306;304
107;2182160;305;130890;306;304
107;2182776;305;130891;306;304
107;2183048;305;130892;306;304
107;2181798;305;130893;306;304
107;2183173;305;130894;306;304
107;2182248;305;130895;306;304
107;2181372;305;130896;306;304
107;2182238;305;130897;306;304
107;2182271;305;130898;306;304
107;2182139;305;130899;306;304
107;2182138;305;130900;306;304
107;2182080;305;130901;306;304
107;2182247;305;130902;306;304
107;2181371;305;130903;306;304
107;2182246;305;130904;306;304
107;2183047;305;130905;306;304
107;2182775;305;130906;306;304
107;2182159;305;130907;306;304
107;2182774;305;130908;306;304
107;2182753;305;130909;306;304
107;2181370;305;130910;306;304
107;2183161;305;130911;306;304
107;2183172;305;130912;306;304
107;2182137;305;130913;306;304
107;2182136;305;130914;306;304
107;2182270;305;130915;306;304
107;2182269;305;130916;306;304
107;2181514;305;130917;306;304
107;2182752;305;130918;306;304
107;2183171;305;130919;306;304
107;2183160;305;130920;306;304
107;2181651;305;130921;306;304
107;2183046;305;130922;306;304
107;2181642;305;130923;306;304
107;2182158;305;130924;306;304
107;2181641;305;130925;306;304
107;2182079;305;130926;306;304
107;2181797;305;130927;306;304
107;2181650;305;130928;306;304
107;2181796;305;130929;306;304
107;2182237;305;130930;306;304
107;2181513;305;130931;306;304
107;2181512;305;130932;306;304
107;2182268;305;130933;306;304
107;2181795;305;130934;306;304
107;2181649;305;130935;306;304
107;2181794;305;130936;306;304
107;2183170;305;130937;306;304
107;2181640;305;130938;306;304
107;2183045;305;130939;306;304
107;2181639;305;130940;306;304
107;2182157;305;130941;306;304
107;2182773;305;130942;306;304
107;2182751;305;130943;306;304
107;2182078;305;130944;306;304
107;2183159;305;130945;306;304
107;2181369;305;130946;306;304
107;2182236;305;130947;306;304
107;2182235;305;130948;306;304
107;2182135;305;130949;306;304
107;2182088;305;130950;306;304
107;2182077;305;130951;306;304
107;2182750;305;130952;306;304
107;2181368;305;130953;306;304
107;2183158;305;130954;306;304
107;2182772;305;130955;306;304
107;2183044;305;130956;306;304
107;2182771;305;130957;306;304
107;2182156;305;130958;306;304
107;2182245;305;130959;306;304
107;2181367;305;130960;306;304
107;2182244;305;130961;306;304
107;2183169;305;130962;306;304
107;2181793;305;130963;306;304
107;2182087;305;130964;306;304
107;2182234;305;130965;306;304
107;2182267;305;130966;306;304
107;2181511;305;130967;306;304
107;2182243;305;130968;306;304
107;2182076;305;130969;306;304
107;2181792;305;130970;306;304
107;2181648;305;130971;306;304
107;2182770;305;130972;306;304
107;2183043;305;130973;306;304
107;2181638;305;130974;306;304
107;2182155;305;130975;306;304
107;2183168;305;130976;306;304
107;2182749;305;130977;306;304
107;2181647;305;130978;306;304
107;2183157;305;130979;306;304
107;2182266;305;130980;306;304
107;2181510;305;130981;306;304
107;2181509;305;130982;306;304
107;2182265;305;130983;306;304
107;2183156;305;130984;306;304
107;2181646;305;130985;306;304
107;2182748;305;130986;306;304
107;2183167;305;130987;306;304
107;2183166;305;130988;306;304
107;2181637;305;130989;306;304
107;2183042;305;130990;306;304
107;2182769;305;130991;306;304
107;2182154;305;130992;306;304
107;2181791;305;130993;306;304
107;2182086;305;130994;306;304
107;2182264;305;130995;306;304
107;2181386;305;130996;306;304
107;2182744;305;130997;306;304
107;2182242;305;130998;306;304
107;2181939;305;130999;306;304
107;2182045;305;131000;306;304
107;2183186;305;131001;306;304
107;2182263;305;131002;306;304
107;2181388;305;131003;306;304
107;2182262;305;131004;306;304
107;2182175;305;131005;306;304
107;2183256;305;131006;306;304
107;2182882;305;131007;306;304
107;2183255;305;131008;306;304
107;2182174;305;131009;306;304
107;2181387;305;131010;306;304
107;2182767;305;131011;306;304
107;2182085;305;131012;306;304
107;2181812;305;131013;306;304
107;2182044;305;131014;306;304
107;2183032;305;131015;306;304
107;2183031;305;131016;306;304
107;2181519;305;131017;306;304
107;2181907;305;131018;306;304
107;2183188;305;131019;306;304
107;2182768;305;131020;306;304
107;2181521;305;131021;306;304
107;2182905;305;131022;306;304
107;2181495;305;131023;306;304
107;2182883;305;131024;306;304
107;2181494;305;131025;306;304
107;2183187;305;131026;306;304
107;2181905;305;131027;306;304
107;2181520;305;131028;306;304
107;2181787;305;131029;306;304
107;2182746;305;131030;306;304
107;2181518;305;131031;306;304
107;2181517;305;131032;306;304
107;2183030;305;131033;306;304
107;2182745;305;131034;306;304
107;2181524;305;131035;306;304
107;2181790;305;131036;306;304
107;2183190;305;131037;306;304
107;2183015;305;131038;306;304
107;2182904;305;131039;306;304
107;2181497;305;131040;306;304
107;2182885;305;131041;306;304
107;2183254;305;131042;306;304
107;2181906;305;131043;306;304
107;2183189;305;131044;306;304
107;2182056;305;131045;306;304
107;2181260;305;131046;306;304
107;2182747;305;131047;306;304
107;2181938;305;131048;306;304
107;2182043;305;131049;306;304
107;2181950;305;131050;306;304
107;2181921;305;131051;306;304
107;2181773;305;131052;306;304
107;2181259;305;131053;306;304
107;2182055;305;131054;306;304
107;2183253;305;131055;306;304
107;2182906;305;131056;306;304
107;2183252;305;131057;306;304
107;2182884;305;131058;306;304
107;2181496;305;131059;306;304
107;2181258;305;131060;306;304
107;2183014;305;131061;306;304
107;2183242;305;131062;306;304
107;2181789;305;131063;306;304
107;2181940;305;131064;306;304
107;2181937;305;131065;306;304
107;2183021;305;131066;306;304
107;2181366;305;131067;306;304
107;2183009;305;131068;306;304
107;2181920;305;131069;306;304
107;2181788;305;131070;306;304
107;2181523;305;131071;306;304
107;2183257;305;131072;306;304
107;2182907;305;131073;306;304
107;2181389;305;131074;306;304
107;2182886;305;131075;306;304
107;2183241;305;131076;306;304
107;2181775;305;131077;306;304
107;2181522;305;131078;306;304
107;2182057;305;131079;306;304
107;2183240;305;131080;306;304
107;2181356;305;131081;306;304
107;2181355;305;131082;306;304
107;2183024;305;131083;306;304
107;2183023;305;131084;306;304
107;2181525;305;131085;306;304
107;2181774;305;131086;306;304
107;2183239;305;131087;306;304
107;2182058;305;131088;306;304
107;2181390;305;131089;306;304
107;2182908;305;131090;306;304
107;2183258;305;131091;306;304
107;2182887;305;131092;306;304
107;2181668;305;131093;306;304
107;2181913;305;131094;306;304
107;2183013;305;131095;306;304
107;2181251;305;131096;306;304
107;2183022;305;131097;306;304
107;2181926;305;131098;306;304
107;2181942;305;131099;306;304
107;2181941;305;131100;306;304
107;2183192;305;131101;306;304
107;2183012;305;131102;306;304
107;2181250;305;131103;306;304
107;2183011;305;131104;306;304
107;2183191;305;131105;306;304
107;2183260;305;131106;306;304
107;2182892;305;131107;306;304
107;2183259;305;131108;306;304
107;2182888;305;131109;306;304
107;2181254;305;131110;306;304
107;2181777;305;131111;306;304
107;2181919;305;131112;306;304
107;2182059;305;131113;306;304
107;2181943;305;131114;306;304
107;2181929;305;131115;306;304
107;2181928;305;131116;306;304
107;2181357;305;131117;306;304
107;2182046;305;131118;306;304
107;2181918;305;131119;306;304
107;2181776;305;131120;306;304
107;2181527;305;131121;306;304
107;2182890;305;131122;306;304
107;2181392;305;131123;306;304
107;2182893;305;131124;306;304
107;2181391;305;131125;306;304
107;2182889;305;131126;306;304
107;2181670;305;131127;306;304
107;2181526;305;131128;306;304
107;2181669;305;131129;306;304
107;2183243;305;131130;306;304
107;2181359;305;131131;306;304
107;2181358;305;131132;306;304
107;2181927;305;131133;306;304
107;2183025;305;131134;306;304
107;2181529;305;131135;306;304
107;2181671;305;131136;306;304
107;2181914;305;131137;306;304
107;2182916;305;131138;306;304
107;2182891;305;131139;306;304
107;2181393;305;131140;306;304
107;2182894;305;131141;306;304
107;2183261;305;131142;306;304
107;2182048;305;131143;306;304
107;2183244;305;131144;306;304
107;2181779;305;131145;306;304
107;2181253;305;131146;306;304
107;2183029;305;131147;306;304
107;2183028;305;131148;306;304
107;2181945;305;131149;306;304
107;2181944;305;131150;306;304
107;2183027;305;131151;306;304
107;2182047;305;131152;306;304
107;2181252;305;131153;306;304
107;2181778;305;131154;306;304
107;2183245;305;131155;306;304
107;2182060;305;131156;306;304
107;2183262;305;131157;306;304
107;2182895;305;131158;306;304
107;2181394;305;131159;306;304
107;2181255;305;131160;306;304
107;2183010;305;131161;306;304
107;2181915;305;131162;306;304
107;2181672;305;131163;306;304
107;2181946;305;131164;306;304
107;2183026;305;131165;306;304
107;2181933;305;131166;306;304
107;2181360;305;131167;306;304
107;2182909;305;131168;306;304
107;2183250;305;131169;306;304
107;2181673;305;131170;306;304
107;2181528;305;131171;306;304
107;2183264;305;131172;306;304
107;2182061;305;131173;306;304
107;2181397;305;131174;306;304
107;2182897;305;131175;306;304
107;2181396;305;131176;306;304
107;2182050;305;131177;306;304
107;2181531;305;131178;306;304
107;2181781;305;131179;306;304
107;2181917;305;131180;306;304
107;2181365;305;131181;306;304
107;2181364;305;131182;306;304
107;2181932;305;131183;306;304
107;2181931;305;131184;306;304
107;2181530;305;131185;306;304
107;2182049;305;131186;306;304
107;2181916;305;131187;306;304
107;2181780;305;131188;306;304
107;2181395;305;131189;306;304
107;2182062;305;131190;306;304
107;2183263;305;131191;306;304
107;2182896;305;131192;306;304
107;2181769;305;131193;306;304
107;2183246;305;131194;306;304
107;2182911;305;131195;306;304
107;2181256;305;131196;306;304
107;2182910;305;131197;306;304
107;2183016;305;131198;306;304
107;2181948;305;131199;306;304
107;2181947;305;131200;306;304
107;2181930;305;131201;306;304
107;2182915;305;131202;306;304
107;2181257;305;131203;306;304
107;2182914;305;131204;306;304
107;2181908;305;131205;306;304
107;2183268;305;131206;306;304
107;2182063;305;131207;306;304
107;2183267;305;131208;306;304
107;2182898;305;131209;306;304
107;2181249;305;131210;306;304
107;2182051;305;131211;306;304
107;2183249;305;131212;306;304
107;2181782;305;131213;306;304
107;2181949;305;131214;306;304
107;2183020;305;131215;306;304
107;2183019;305;131216;306;304
107;2181363;305;131217;306;304
107;2181784;305;131218;306;304
107;2183248;305;131219;306;304
107;2182052;305;131220;306;304
107;2181534;305;131221;306;304
107;2181783;305;131222;306;304
107;2181492;305;131223;306;304
107;2182065;305;131224;306;304
107;2181491;305;131225;306;304
107;2182901;305;131226;306;304
107;2181768;305;131227;306;304
107;2181533;305;131228;306;304
107;2181767;305;131229;306;304
107;2181910;305;131230;306;304
107;2181362;305;131231;306;304
107;2181361;305;131232;306;304
107;2183018;305;131233;306;304
107;2181924;305;131234;306;304
107;2181532;305;131235;306;304
107;2181674;305;131236;306;304
107;2183247;305;131237;306;304
107;2182913;305;131238;306;304
107;2182900;305;131239;306;304
107;2181398;305;131240;306;304
107;2182064;305;131241;306;304
107;2183266;305;131242;306;304
107;2182899;305;131243;306;304
107;2181909;305;131244;306;304
107;2182054;305;131245;306;304
107;2181248;305;131246;306;304
107;2181786;305;131247;306;304
107;2181923;305;131248;306;304
107;2181936;305;131249;306;304
107;2181935;305;131250;306;304
107;2181922;305;131251;306;304
107;2181785;305;131252;306;304
107;2181247;305;131253;306;304
107;2182053;305;131254;306;304
107;2181911;305;131255;306;304
107;2182902;305;131256;306;304
107;2183265;305;131257;306;304
107;2182066;305;131258;306;304
107;2181493;305;131259;306;304
107;2181246;305;131260;306;304
107;2182912;305;131261;306;304
107;2183251;305;131262;306;304
107;2181770;305;131263;306;304
107;2181934;305;131264;306;304
107;2181925;305;131265;306;304
107;2183017;305;131266;306;304
107;2181354;305;131267;306;304
107;2181353;305;131268;306;304
107;2181912;305;131269;306;304
107;2181772;305;131270;306;304
107;2181535;305;131271;306;304
107;2181771;305;131272;306;304
107;2182903;305;131273;306;304
107;2234441;306;131274;307;305
107;2234744;306;131275;307;305
107;2234440;306;131276;307;305
107;2234477;306;131277;307;305
107;2235263;306;131278;307;305
107;2233858;306;131279;307;305
107;2234465;306;131280;307;305
107;2233875;306;131281;307;305
107;2233874;306;131282;307;305
107;2233865;306;131283;307;305
107;2233864;306;131284;307;305
107;2235262;306;131285;307;305
107;2234476;306;131286;307;305
107;2234464;306;131287;307;305
107;2233857;306;131288;307;305
107;2234439;306;131289;307;305
107;2234984;306;131290;307;305
107;2235454;306;131291;307;305
107;2234743;306;131292;307;305
107;2235453;306;131293;307;305
107;2235242;306;131294;307;305
107;2234473;306;131295;307;305
107;2235914;306;131296;307;305
107;2234472;306;131297;307;305
107;2235235;306;131298;307;305
107;2234750;306;131299;307;305
107;2234749;306;131300;307;305
107;2233863;306;131301;307;305
107;2234471;306;131302;307;305
107;2235913;306;131303;307;305
107;2234470;306;131304;307;305
107;2234463;306;131305;307;305
107;2235452;306;131306;307;305
107;2234983;306;131307;307;305
107;2235451;306;131308;307;305
107;2234742;306;131309;307;305
107;2235912;306;131310;307;305
107;2234475;306;131311;307;305
107;2235241;306;131312;307;305
107;2233856;306;131313;307;305
107;2235261;306;131314;307;305
107;2235234;306;131315;307;305
107;2235233;306;131316;307;305
107;2233873;306;131317;307;305
107;2233872;306;131318;307;305
107;2235240;306;131319;307;305
107;2234474;306;131320;307;305
107;2235260;306;131321;307;305
107;2233855;306;131322;307;305
107;2234438;306;131323;307;305
107;2234982;306;131324;307;305
107;2234437;306;131325;307;305
107;2234741;306;131326;307;305
107;2234756;306;131327;307;305
107;2235259;306;131328;307;305
107;2234755;306;131329;307;305
107;2234462;306;131330;307;305
107;2233871;306;131331;307;305
107;2233870;306;131332;307;305
107;2235232;306;131333;307;305
107;2233862;306;131334;307;305
107;2235258;306;131335;307;305
107;2234754;306;131336;307;305
107;2235239;306;131337;307;305
107;2234469;306;131338;307;305
107;2235911;306;131339;307;305
107;2234160;306;131340;307;305
107;2234981;306;131341;307;305
107;2235450;306;131342;307;305
107;2234740;306;131343;307;305
107;2234461;306;131344;307;305
107;2234459;306;131345;307;305
107;2235910;306;131346;307;305
107;2233854;306;131347;307;305
107;2233861;306;131348;307;305
107;2234748;306;131349;307;305
107;2234747;306;131350;307;305
107;2233860;306;131351;307;305
107;2233853;306;131352;307;305
107;2235909;306;131353;307;305
107;2234458;306;131354;307;305
107;2234460;306;131355;307;305
107;2234739;306;131356;307;305
107;2235449;306;131357;307;305
107;2234980;306;131358;307;305
107;2234159;306;131359;307;305
107;2235494;306;131360;307;305
107;2234468;306;131361;307;305
107;2235238;306;131362;307;305
107;2234753;306;131363;307;305
107;2235257;306;131364;307;305
107;2233859;306;131365;307;305
107;2235231;306;131366;307;305
107;2233869;306;131367;307;305
107;2233868;306;131368;307;305
107;2234724;306;131369;307;305
107;2234752;306;131370;307;305
107;2235256;306;131371;307;305
107;2234751;306;131372;307;305
107;2234738;306;131373;307;305
107;2234158;306;131374;307;305
107;2234979;306;131375;307;305
107;2234157;306;131376;307;305
107;2233852;306;131377;307;305
107;2235255;306;131378;307;305
107;2234457;306;131379;307;305
107;2235237;306;131380;307;305
107;2233867;306;131381;307;305
107;2233866;306;131382;307;305
107;2235230;306;131383;307;305
107;2235229;306;131384;307;305
107;2234746;306;131385;307;305
107;2233851;306;131386;307;305
107;2235236;306;131387;307;305
107;2234456;306;131388;307;305
107;2235493;306;131389;307;305
107;2234737;306;131390;307;305
107;2235264;306;131391;307;305
107;2234978;306;131392;307;305
107;2235479;306;131393;307;305
107;2234723;306;131394;307;305
107;2234467;306;131395;307;305
107;2235492;306;131396;307;305
107;2234466;306;131397;307;305
107;2234143;306;131398;307;305
107;2234745;306;131399;307;305
107;2234965;306;131400;307;305
107;2235228;306;131401;307;305
107;2234156;306;131402;307;305
107;2235491;306;131403;307;305
107;2234155;306;131404;307;305
107;2235254;306;131405;307;305
107;2235478;306;131406;307;305
107;2234736;306;131407;307;305
107;2235477;306;131408;307;305
107;2234977;306;131409;307;305
107;2234131;306;131410;307;305
107;2233850;306;131411;307;305
107;2234722;306;131412;307;305
107;2234455;306;131413;307;305
107;2235466;306;131414;307;305
107;2234142;306;131415;307;305
107;2234141;306;131416;307;305
107;2234117;306;131417;307;305
107;2234116;306;131418;307;305
107;2234721;306;131419;307;305
107;2233849;306;131420;307;305
107;2235465;306;131421;307;305
107;2234454;306;131422;307;305
107;2234130;306;131423;307;305
107;2234735;306;131424;307;305
107;2234129;306;131425;307;305
107;2234976;306;131426;307;305
107;2234952;306;131427;307;305
107;2235464;306;131428;307;305
107;2234951;306;131429;307;305
107;2235253;306;131430;307;305
107;2234154;306;131431;307;305
107;2234115;306;131432;307;305
107;2234140;306;131433;307;305
107;2235227;306;131434;307;305
107;2234964;306;131435;307;305
107;2234950;306;131436;307;305
107;2234720;306;131437;307;305
107;2234153;306;131438;307;305
107;2235490;306;131439;307;305
107;2234128;306;131440;307;305
107;2234734;306;131441;307;305
107;2235476;306;131442;307;305
107;2234975;306;131443;307;305
107;2235252;306;131444;307;305
107;2233848;306;131445;307;305
107;2235489;306;131446;307;305
107;2234453;306;131447;307;305
107;2235226;306;131448;307;305
107;2234963;306;131449;307;305
107;2234962;306;131450;307;305
107;2235225;306;131451;307;305
107;2234452;306;131452;307;305
107;2235488;306;131453;307;305
107;2233847;306;131454;307;305
107;2235251;306;131455;307;305
107;2234451;306;131456;307;305
107;2235475;306;131457;307;305
107;2234733;306;131458;307;305
107;2234127;306;131459;307;305
107;2234974;306;131460;307;305
107;2234152;306;131461;307;305
107;2234719;306;131462;307;305
107;2234949;306;131463;307;305
107;2235463;306;131464;307;305
107;2235224;306;131465;307;305
107;2234139;306;131466;307;305
107;2233884;306;131467;307;305
107;2233883;306;131468;307;305
107;2235250;306;131469;307;305
107;2234948;306;131470;307;305
107;2235462;306;131471;307;305
107;2234947;306;131472;307;305
107;2234973;306;131473;307;305
107;2234126;306;131474;307;305
107;2234732;306;131475;307;305
107;2234125;306;131476;307;305
107;2234450;306;131477;307;305
107;2235461;306;131478;307;305
107;2233846;306;131479;307;305
107;2234718;306;131480;307;305
107;2234449;306;131481;307;305
107;2233882;306;131482;307;305
107;2234138;306;131483;307;305
107;2234137;306;131484;307;305
107;2234961;306;131485;307;305
107;2234448;306;131486;307;305
107;2234717;306;131487;307;305
107;2233845;306;131488;307;305
107;2235487;306;131489;307;305
107;2234972;306;131490;307;305
107;2235474;306;131491;307;305
107;2234731;306;131492;307;305
107;2235473;306;131493;307;305
107;2235249;306;131494;307;305
107;2234151;306;131495;307;305
107;2235486;306;131496;307;305
107;2234150;306;131497;307;305
107;2235223;306;131498;307;305
107;2234960;306;131499;307;305
107;2234959;306;131500;307;305
107;2234136;306;131501;307;305
107;2235222;306;131502;307;305
107;2235485;306;131503;307;305
107;2234149;306;131504;307;305
107;2234716;306;131505;307;305
107;2234946;306;131506;307;305
107;2234971;306;131507;307;305
107;2235472;306;131508;307;305
107;2234730;306;131509;307;305
107;2234124;306;131510;307;305
107;2234447;306;131511;307;305
107;2235248;306;131512;307;305
107;2233844;306;131513;307;305
107;2235460;306;131514;307;305
107;2235221;306;131515;307;305
107;2235220;306;131516;307;305
107;2233881;306;131517;307;305
107;2233880;306;131518;307;305
107;2235247;306;131519;307;305
107;2234446;306;131520;307;305
107;2235459;306;131521;307;305
107;2233843;306;131522;307;305
107;2234123;306;131523;307;305
107;2234970;306;131524;307;305
107;2234122;306;131525;307;305
107;2234729;306;131526;307;305
107;2235471;306;131527;307;305
107;2235458;306;131528;307;305
107;2234945;306;131529;307;305
107;2234715;306;131530;307;305
107;2234148;306;131531;307;305
107;2233879;306;131532;307;305
107;2235219;306;131533;307;305
107;2234135;306;131534;307;305
107;2234958;306;131535;307;305
107;2234944;306;131536;307;305
107;2235246;306;131537;307;305
107;2234147;306;131538;307;305
107;2235484;306;131539;307;305
107;2234121;306;131540;307;305
107;2234969;306;131541;307;305
107;2235470;306;131542;307;305
107;2234728;306;131543;307;305
107;2234714;306;131544;307;305
107;2234445;306;131545;307;305
107;2235483;306;131546;307;305
107;2233842;306;131547;307;305
107;2234713;306;131548;307;305
107;2234957;306;131549;307;305
107;2234956;306;131550;307;305
107;2234134;306;131551;307;305
107;2234133;306;131552;307;305
107;2235482;306;131553;307;305
107;2234444;306;131554;307;305
107;2234482;306;131555;307;305
107;2233841;306;131556;307;305
107;2235469;306;131557;307;305
107;2234968;306;131558;307;305
107;2234120;306;131559;307;305
107;2234727;306;131560;307;305
107;2234146;306;131561;307;305
107;2235245;306;131562;307;305
107;2234943;306;131563;307;305
107;2235457;306;131564;307;305
107;2234132;306;131565;307;305
107;2234988;306;131566;307;305
107;2233878;306;131567;307;305
107;2233877;306;131568;307;305
107;2234481;306;131569;307;305
107;2234758;306;131570;307;305
107;2235456;306;131571;307;305
107;2234757;306;131572;307;305
107;2234480;306;131573;307;305
107;2234119;306;131574;307;305
107;2234967;306;131575;307;305
107;2234118;306;131576;307;305
107;2234726;306;131577;307;305
107;2235455;306;131578;307;305
107;2234443;306;131579;307;305
107;2235244;306;131580;307;305
107;2233840;306;131581;307;305
107;2233876;306;131582;307;305
107;2234987;306;131583;307;305
107;2234986;306;131584;307;305
107;2234955;306;131585;307;305
107;2233839;306;131586;307;305
107;2235243;306;131587;307;305
107;2234442;306;131588;307;305
107;2235481;306;131589;307;305
107;2234725;306;131590;307;305
107;2235468;306;131591;307;305
107;2234966;306;131592;307;305
107;2235467;306;131593;307;305
107;2234479;306;131594;307;305
107;2234145;306;131595;307;305
107;2235480;306;131596;307;305
107;2234144;306;131597;307;305
107;2234478;306;131598;307;305
107;2234954;306;131599;307;305
107;2234953;306;131600;307;305
107;2234985;306;131601;307;305
107;2231253;306;131602;307;305
107;2233654;306;131603;307;305
107;2232183;306;131604;307;305
107;2232778;306;131605;307;305
107;2232981;306;131606;307;305
107;2232740;306;131607;307;305
107;2232492;306;131608;307;305
107;2231961;306;131609;307;305
107;2233617;306;131610;307;305
107;2232219;306;131611;307;305
107;2231980;306;131612;307;305
107;2232760;306;131613;307;305
107;2233001;306;131614;307;305
107;2231252;306;131615;307;305
107;2231251;306;131616;307;305
107;2233635;306;131617;307;305
107;2233634;306;131618;307;305
107;2231250;306;131619;307;305
107;2232218;306;131620;307;305
107;2233000;306;131621;307;305
107;2232759;306;131622;307;305
107;2231979;306;131623;307;305
107;2232739;306;131624;307;305
107;2233616;306;131625;307;305
107;2231960;306;131626;307;305
107;2232491;306;131627;307;305
107;2232999;306;131628;307;305
107;2232980;306;131629;307;305
107;2232777;306;131630;307;305
107;2231998;306;131631;307;305
107;2233633;306;131632;307;305
107;2231249;306;131633;307;305
107;2232201;306;131634;307;305
107;2232471;306;131635;307;305
107;2232979;306;131636;307;305
107;2231978;306;131637;307;305
107;2231997;306;131638;307;305
107;2233653;306;131639;307;305
107;2233615;306;131640;307;305
107;2232738;306;131641;307;305
107;2232490;306;131642;307;305
107;2231959;306;131643;307;305
107;2232489;306;131644;307;305
107;2232217;306;131645;307;305
107;2233652;306;131646;307;305
107;2232758;306;131647;307;305
107;2232776;306;131648;307;305
107;2232470;306;131649;307;305
107;2232469;306;131650;307;305
107;2232200;306;131651;307;305
107;2232199;306;131652;307;305
107;2233651;306;131653;307;305
107;2232216;306;131654;307;305
107;2232775;306;131655;307;305
107;2232757;306;131656;307;305
107;2232488;306;131657;307;305
107;2232737;306;131658;307;305
107;2233614;306;131659;307;305
107;2231958;306;131660;307;305
107;2231996;306;131661;307;305
107;2231977;306;131662;307;305
107;2232978;306;131663;307;305
107;2232998;306;131664;307;305
107;2232198;306;131665;307;305
107;2231248;306;131666;307;305
107;2233632;306;131667;307;305
107;2233631;306;131668;307;305
107;2232197;306;131669;307;305
107;2232977;306;131670;307;305
107;2232997;306;131671;307;305
107;2232976;306;131672;307;305
107;2232774;306;131673;307;305
107;2233613;306;131674;307;305
107;2232736;306;131675;307;305
107;2233612;306;131676;307;305
107;2231957;306;131677;307;305
107;2232996;306;131678;307;305
107;2232215;306;131679;307;305
107;2231976;306;131680;307;305
107;2232756;306;131681;307;305
107;2233630;306;131682;307;305
107;2231247;306;131683;307;305
107;2231246;306;131684;307;305
107;2232468;306;131685;307;305
107;2232755;306;131686;307;305
107;2231975;306;131687;307;305
107;2232214;306;131688;307;305
107;2233650;306;131689;307;305
107;2232754;306;131690;307;305
107;2232487;306;131691;307;305
107;2232735;306;131692;307;305
107;2232486;306;131693;307;305
107;2231956;306;131694;307;305
107;2231995;306;131695;307;305
107;2233649;306;131696;307;305
107;2231994;306;131697;307;305
107;2232773;306;131698;307;305
107;2232467;306;131699;307;305
107;2232466;306;131700;307;305
107;2231245;306;131701;307;305
107;2232196;306;131702;307;305
107;2233648;306;131703;307;305
107;2231993;306;131704;307;305
107;2231974;306;131705;307;305
107;2232975;306;131706;307;305
107;2231955;306;131707;307;305
107;2232485;306;131708;307;305
107;2232504;306;131709;307;305
107;2233611;306;131710;307;305
107;2232753;306;131711;307;305
107;2232772;306;131712;307;305
107;2232213;306;131713;307;305
107;2232995;306;131714;307;305
107;2232752;306;131715;307;305
107;2232195;306;131716;307;305
107;2233629;306;131717;307;305
107;2233628;306;131718;307;305
107;2232194;306;131719;307;305
107;2232751;306;131720;307;305
107;2232994;306;131721;307;305
107;2232212;306;131722;307;305
107;2232771;306;131723;307;305
107;2231954;306;131724;307;305
107;2233610;306;131725;307;305
107;2232503;306;131726;307;305
107;2232484;306;131727;307;305
107;2232993;306;131728;307;305
107;2232974;306;131729;307;305
107;2231973;306;131730;307;305
107;2231992;306;131731;307;305
107;2233627;306;131732;307;305
107;2232193;306;131733;307;305
107;2231244;306;131734;307;305
107;2232465;306;131735;307;305
107;2232464;306;131736;307;305
107;2232770;306;131737;307;305
107;2231991;306;131738;307;305
107;2233647;306;131739;307;305
107;2231990;306;131740;307;305
107;2231953;306;131741;307;305
107;2232483;306;131742;307;305
107;2232502;306;131743;307;305
107;2232482;306;131744;307;305
107;2232750;306;131745;307;305
107;2233646;306;131746;307;305
107;2232211;306;131747;307;305
107;2231972;306;131748;307;305
107;2232463;306;131749;307;305
107;2232462;306;131750;307;305
107;2231243;306;131751;307;305
107;2231242;306;131752;307;305
107;2233645;306;131753;307;305
107;2232749;306;131754;307;305
107;2231971;306;131755;307;305
107;2232210;306;131756;307;305
107;2232481;306;131757;307;305
107;2231262;306;131758;307;305
107;2233609;306;131759;307;305
107;2232501;306;131760;307;305
107;2233010;306;131761;307;305
107;2232769;306;131762;307;305
107;2232973;306;131763;307;305
107;2232992;306;131764;307;305
107;2232972;306;131765;307;305
107;2232192;306;131766;307;305
107;2233626;306;131767;307;305
107;2233625;306;131768;307;305
107;2231241;306;131769;307;305
107;2232971;306;131770;307;305
107;2232991;306;131771;307;305
107;2232970;306;131772;307;305
107;2231970;306;131773;307;305
107;2233009;306;131774;307;305
107;2231261;306;131775;307;305
107;2233008;306;131776;307;305
107;2232500;306;131777;307;305
107;2232990;306;131778;307;305
107;2232748;306;131779;307;305
107;2232768;306;131780;307;305
107;2232209;306;131781;307;305
107;2233624;306;131782;307;305
107;2232191;306;131783;307;305
107;2232190;306;131784;307;305
107;2232461;306;131785;307;305
107;2232460;306;131786;307;305
107;2232767;306;131787;307;305
107;2232747;306;131788;307;305
107;2233644;306;131789;307;305
107;2232208;306;131790;307;305
107;2232480;306;131791;307;305
107;2231260;306;131792;307;305
107;2232479;306;131793;307;305
107;2232499;306;131794;307;305
107;2231989;306;131795;307;305
107;2233643;306;131796;307;305
107;2231988;306;131797;307;305
107;2231969;306;131798;307;305
107;2232459;306;131799;307;305
107;2232228;306;131800;307;305
107;2232189;306;131801;307;305
107;2231240;306;131802;307;305
107;2233642;306;131803;307;305
107;2231987;306;131804;307;305
107;2232766;306;131805;307;305
107;2232969;306;131806;307;305
107;2232989;306;131807;307;305
107;2232478;306;131808;307;305
107;2231259;306;131809;307;305
107;2233007;306;131810;307;305
107;2232498;306;131811;307;305
107;2231968;306;131812;307;305
107;2232746;306;131813;307;305
107;2232988;306;131814;307;305
107;2232207;306;131815;307;305
107;2231239;306;131816;307;305
107;2233623;306;131817;307;305
107;2233622;306;131818;307;305
107;2231238;306;131819;307;305
107;2232206;306;131820;307;305
107;2232987;306;131821;307;305
107;2232745;306;131822;307;305
107;2231967;306;131823;307;305
107;2232497;306;131824;307;305
107;2233006;306;131825;307;305
107;2231258;306;131826;307;305
107;2232477;306;131827;307;305
107;2232986;306;131828;307;305
107;2232968;306;131829;307;305
107;2232765;306;131830;307;305
107;2231986;306;131831;307;305
107;2233641;306;131832;307;305
107;2231237;306;131833;307;305
107;2232188;306;131834;307;305
107;2232227;306;131835;307;305
107;2232226;306;131836;307;305
107;2231966;306;131837;307;305
107;2231985;306;131838;307;305
107;2233640;306;131839;307;305
107;2231984;306;131840;307;305
107;2232496;306;131841;307;305
107;2232476;306;131842;307;305
107;2231257;306;131843;307;305
107;2232475;306;131844;307;305
107;2232205;306;131845;307;305
107;2233639;306;131846;307;305
107;2232744;306;131847;307;305
107;2232764;306;131848;307;305
107;2232225;306;131849;307;305
107;2232224;306;131850;307;305
107;2232187;306;131851;307;305
107;2232186;306;131852;307;305
107;2233621;306;131853;307;305
107;2232204;306;131854;307;305
107;2232763;306;131855;307;305
107;2232743;306;131856;307;305
107;2232985;306;131857;307;305
107;2232495;306;131858;307;305
107;2233005;306;131859;307;305
107;2231256;306;131860;307;305
107;2233004;306;131861;307;305
107;2231965;306;131862;307;305
107;2232967;306;131863;307;305
107;2232984;306;131864;307;305
107;2232966;306;131865;307;305
107;2231236;306;131866;307;305
107;2233620;306;131867;307;305
107;2233619;306;131868;307;305
107;2232185;306;131869;307;305
107;2232965;306;131870;307;305
107;2232983;306;131871;307;305
107;2232780;306;131872;307;305
107;2232762;306;131873;307;305
107;2233003;306;131874;307;305
107;2232494;306;131875;307;305
107;2233002;306;131876;307;305
107;2231255;306;131877;307;305
107;2232474;306;131878;307;305
107;2232203;306;131879;307;305
107;2231964;306;131880;307;305
107;2232742;306;131881;307;305
107;2233638;306;131882;307;305
107;2231235;306;131883;307;305
107;2231234;306;131884;307;305
107;2232223;306;131885;307;305
107;2232222;306;131886;307;305
107;2231963;306;131887;307;305
107;2232202;306;131888;307;305
107;2233637;306;131889;307;305
107;2232741;306;131890;307;305
107;2232473;306;131891;307;305
107;2232493;306;131892;307;305
107;2232472;306;131893;307;305
107;2231254;306;131894;307;305
107;2231983;306;131895;307;305
107;2233636;306;131896;307;305
107;2231982;306;131897;307;305
107;2232761;306;131898;307;305
107;2232221;306;131899;307;305
107;2232220;306;131900;307;305
107;2231233;306;131901;307;305
107;2232184;306;131902;307;305
107;2233618;306;131903;307;305
107;2231981;306;131904;307;305
107;2231962;306;131905;307;305
107;2232779;306;131906;307;305
107;2232982;306;131907;307;305
107;2238492;307;131908;308;306
107;2238253;307;131909;308;306
107;2236495;307;131910;308;306
107;2238680;307;131911;308;306
107;2238707;307;131912;308;306
107;2238503;307;131913;308;306
107;2236497;307;131914;308;306
107;2238243;307;131915;308;306
107;2238513;307;131916;308;306
107;2237316;307;131917;308;306
107;2237315;307;131918;308;306
107;2238512;307;131919;308;306
107;2236919;307;131920;308;306
107;2236496;307;131921;308;306
107;2238502;307;131922;308;306
107;2238706;307;131923;308;306
107;2236918;307;131924;308;306
107;2236494;307;131925;308;306
107;2238252;307;131926;308;306
107;2235638;307;131927;308;306
107;2238679;307;131928;308;306
107;2236678;307;131929;308;306
107;2238242;307;131930;308;306
107;2238523;307;131931;308;306
107;2236487;307;131932;308;306
107;2238511;307;131933;308;306
107;2238530;307;131934;308;306
